6000,1660,3025,4002,5004,25,4/25/2022,2.30PM,202
6001,1704,3009,4001,5005,25,5/14/2022,3.30PM,202
6002,1291,3005,4002,5000,25,9/25/2022,2.00AM,203
6003,1676,3001,4002,5000,25,7/10/2022,6.00AM,202
6004,1506,3020,4002,5001,25,10/20/2022,11.30PM,202
6005,1985,3010,4001,5002,25,3/1/2022,10.30PM,202
6006,1586,3012,4000,5001,25,8/21/2022,1.30AM,104
6007,1522,3015,4001,5006,25,4/26/2022,8.00PM,201
6008,1501,3028,4000,5005,25,1/2/2022,8.30AM,104
6009,1922,3008,4002,5006,25,4/8/2022,7.00AM,201
6010,1449,3011,4000,5003,25,7/27/2022,2.30PM,103
6011,1127,3008,4001,5006,25,1/24/2022,4.30AM,104
6012,1596,3024,4000,5006,25,3/24/2022,7.00PM,104
6013,1418,3020,4002,5005,25,6/8/2022,11.00AM,104
6014,1597,3007,4000,5004,25,2/12/2022,7.00PM,105
6015,1327,3006,4000,5004,25,6/16/2022,2.30AM,104
6016,1626,3023,4001,5000,25,8/6/2022,4.30AM,202
6017,1669,3011,4000,5002,25,6/3/2022,6.00PM,102
6018,1255,3005,4002,5000,25,11/6/2022,7.30AM,105
6019,1097,3014,4001,5002,25,1/13/2022,10.00AM,106
6020,1795,3000,4002,5004,25,3/6/2022,2.30PM,106
6021,1542,3022,4001,5006,25,10/2/2022,10.00AM,205
6022,1141,3001,4002,5003,25,3/10/2022,3.30AM,103
6023,1563,3018,4001,5003,25,8/13/2022,10.30PM,205
6024,1839,3021,4002,5000,25,6/10/2022,7.00PM,105
6025,1578,3022,4000,5004,25,10/5/2022,8.00PM,106
6026,1301,3003,4002,5002,25,2/10/2022,2.00PM,101
6027,1201,3026,4000,5005,25,11/2/2022,5.00PM,201
6028,1550,3002,4001,5000,25,9/7/2022,6.00PM,201
6029,1932,3008,4001,5006,25,11/5/2022,10.30AM,103
6030,1344,3012,4000,5001,25,9/18/2022,7.30PM,204
6031,1441,3025,4001,5004,25,9/18/2022,6.00AM,205
6032,1002,3024,4001,5000,25,6/22/2022,6.30AM,106
6033,1612,3014,4000,5006,25,8/26/2022,7.30AM,106
6034,1353,3006,4001,5004,25,3/2/2022,2.30PM,204
6035,1452,3001,4002,5004,25,2/7/2022,6.30AM,105
6036,1003,3006,4002,5004,25,10/9/2022,3.00AM,203
6037,1307,3016,4001,5004,25,4/21/2022,4.00AM,202
6038,1187,3020,4000,5004,25,8/27/2022,4.30PM,106
6039,1712,3008,4000,5006,25,6/7/2022,1.00PM,204
6040,1473,3006,4001,5004,25,4/17/2022,2.00PM,202
6041,1171,3028,4000,5002,25,1/19/2022,4.30AM,202
6042,1306,3000,4000,5003,25,1/3/2022,7.00PM,202
6043,1822,3009,4001,5002,25,4/20/2022,11.30PM,202
6044,1173,3010,4000,5003,25,9/18/2022,5.00PM,203
6045,1590,3024,4001,5001,25,10/22/2022,6.30AM,202
6046,1071,3011,4002,5005,25,8/7/2022,9.30PM,204
6047,1699,3007,4000,5006,25,8/26/2022,2.00AM,102
6048,1466,3028,4002,5005,25,2/12/2022,6.00AM,106
6049,1251,3013,4001,5002,25,3/11/2022,3.00PM,101
6050,1686,3019,4000,5001,25,11/26/2022,3.30AM,106
6051,1043,3013,4001,5006,25,11/27/2022,3.30AM,103
6052,1962,3028,4000,5006,25,1/2/2022,4.30PM,204
6053,1436,3020,4002,5004,25,11/16/2022,11.30AM,102
6054,1791,3027,4000,5005,25,8/15/2022,8.00AM,103
6055,1159,3002,4001,5005,25,1/14/2022,4.00AM,102
6056,1914,3001,4002,5005,25,7/9/2022,10.00PM,104
6057,1323,3014,4000,5006,25,10/24/2022,5.30AM,104
6058,1507,3002,4000,5005,25,1/6/2022,8.30AM,205
6059,1121,3018,4002,5005,25,7/10/2022,10.30PM,106
6060,1800,3012,4002,5001,25,11/13/2022,3.30PM,106
6061,1367,3003,4001,5004,25,10/10/2022,1.30PM,205
6062,1194,3000,4000,5003,25,5/22/2022,5.00PM,106
6063,1204,3005,4002,5001,25,3/1/2022,3.00AM,103
6064,1129,3017,4002,5003,25,9/1/2022,1.00AM,204
6065,1644,3004,4002,5004,25,7/25/2022,6.30AM,103
6066,1461,3011,4000,5002,25,8/8/2022,1.00AM,101
6067,1661,3000,4000,5006,25,3/19/2022,9.30AM,101
6068,1978,3028,4001,5005,25,7/27/2022,11.00PM,102
6069,1836,3007,4001,5001,25,5/12/2022,9.00PM,104
6070,1642,3014,4002,5005,25,1/25/2022,1.00AM,102
6071,1700,3015,4002,5000,25,2/13/2022,5.00PM,104
6072,1889,3026,4000,5002,25,11/22/2022,10.00PM,106
6073,1007,3014,4001,5002,25,3/17/2022,5.00PM,104
6074,1830,3027,4002,5005,25,7/6/2022,3.30AM,102
6075,1131,3027,4002,5005,25,7/20/2022,2.30PM,201
6076,1076,3005,4000,5003,25,11/4/2022,3.30PM,205
6077,1870,3005,4001,5002,25,2/12/2022,4.00AM,203
6078,1415,3014,4002,5001,25,8/10/2022,7.30PM,106
6079,1124,3027,4000,5001,25,4/21/2022,7.00PM,204
6080,1300,3028,4001,5003,25,3/26/2022,6.30AM,205
6081,1311,3008,4000,5004,25,6/23/2022,1.30AM,104
6082,1607,3024,4002,5005,25,1/18/2022,3.00AM,204
6083,1274,3009,4002,5002,25,9/21/2022,8.00PM,102
6084,1225,3004,4002,5006,25,5/11/2022,1.30PM,106
6085,1367,3015,4000,5006,25,2/4/2022,10.00AM,104
6086,1082,3016,4002,5003,25,2/7/2022,1.00AM,101
6087,1191,3021,4000,5005,25,10/12/2022,7.30AM,202
6088,1849,3004,4002,5006,25,11/6/2022,4.00AM,104
6089,1027,3007,4000,5004,25,2/27/2022,8.30PM,202
6090,1302,3021,4002,5001,25,4/22/2022,7.00PM,103
6091,1889,3020,4000,5005,25,3/13/2022,9.00AM,104
6092,1977,3004,4001,5001,25,9/11/2022,9.00AM,205
6093,1697,3016,4002,5006,25,11/21/2022,4.00AM,203
6094,1285,3009,4002,5003,25,6/26/2022,10.30PM,104
6095,1956,3025,4000,5005,25,9/17/2022,10.30AM,105
6096,1156,3002,4002,5004,25,11/22/2022,8.00PM,201
6097,1658,3004,4000,5005,25,1/17/2022,2.30PM,103
6098,1018,3023,4000,5005,25,7/24/2022,5.30AM,202
6099,1143,3020,4002,5005,25,5/4/2022,1.00PM,201
6100,1910,3015,4001,5000,25,2/14/2022,6.30PM,201
6101,1828,3027,4000,5001,25,4/21/2022,5.30AM,202
6102,1213,3027,4000,5000,25,9/5/2022,5.00AM,204
6103,1277,3013,4002,5005,25,11/12/2022,6.30AM,105
6104,1132,3011,4000,5005,25,4/2/2022,9.00PM,202
6105,1044,3003,4002,5005,25,9/25/2022,3.30AM,104
6106,1637,3010,4000,5001,25,5/15/2022,3.00AM,101
6107,1332,3014,4000,5005,25,9/23/2022,1.00AM,102
6108,1815,3027,4001,5002,25,4/8/2022,4.00AM,205
6109,1894,3008,4000,5001,25,4/16/2022,11.00AM,201
6110,1478,3002,4002,5006,25,8/18/2022,6.30AM,203
6111,1397,3014,4002,5001,25,3/12/2022,11.00PM,101
6112,1207,3007,4002,5004,25,3/10/2022,5.30PM,104
6113,1792,3011,4001,5005,25,9/25/2022,8.30AM,203
6114,1896,3005,4002,5005,25,8/17/2022,10.30AM,201
6115,1427,3020,4001,5005,25,7/12/2022,5.00AM,103
6116,1041,3020,4001,5005,25,6/2/2022,5.30PM,205
6117,1616,3007,4000,5006,25,3/24/2022,6.00PM,105
6118,1199,3020,4000,5000,25,3/4/2022,9.00PM,201
6119,1777,3020,4000,5000,25,10/25/2022,11.30AM,106
6120,1560,3009,4000,5001,25,8/6/2022,5.00PM,203
6121,1477,3019,4001,5000,25,3/3/2022,8.30AM,205
6122,1539,3003,4000,5000,25,6/14/2022,10.30PM,106
6123,1658,3012,4002,5002,25,2/6/2022,5.00AM,106
6124,1148,3004,4002,5003,25,11/18/2022,4.00PM,101
6125,1614,3009,4001,5004,25,3/1/2022,9.00AM,203
6126,1779,3024,4002,5003,25,10/12/2022,9.30AM,104
6127,1901,3026,4000,5001,25,7/12/2022,6.00PM,106
6128,1868,3005,4002,5000,25,2/12/2022,7.00AM,105
6129,1935,3008,4000,5003,25,2/26/2022,5.30AM,205
6130,1845,3007,4000,5001,25,1/18/2022,9.00PM,205
6131,1227,3000,4001,5004,25,3/6/2022,1.00PM,203
6132,1164,3005,4001,5003,25,10/20/2022,8.30PM,102
6133,1597,3005,4001,5003,25,4/20/2022,5.30AM,102
6134,1399,3007,4002,5002,25,7/23/2022,4.00AM,102
6135,1043,3027,4000,5003,25,1/5/2022,9.30PM,102
6136,1801,3021,4001,5000,25,5/13/2022,10.00PM,204
6137,1874,3026,4000,5004,25,7/13/2022,9.00AM,205
6138,1630,3005,4002,5005,25,4/4/2022,11.30PM,201
6139,1358,3019,4001,5002,25,1/24/2022,4.30PM,203
6140,1542,3012,4002,5003,25,3/7/2022,1.00AM,203
6141,1217,3009,4001,5002,25,1/3/2022,2.00AM,105
6142,1195,3023,4001,5000,25,1/24/2022,5.00PM,101
6143,1108,3021,4001,5001,25,4/14/2022,10.30AM,205
6144,1777,3018,4000,5006,25,5/8/2022,11.00AM,205
6145,1529,3002,4002,5006,25,6/12/2022,7.00PM,103
6146,1809,3007,4001,5001,25,7/17/2022,4.00PM,104
6147,1366,3006,4001,5000,25,5/25/2022,3.00AM,102
6148,1833,3025,4002,5005,25,10/15/2022,6.30AM,105
6149,1765,3026,4002,5001,25,8/5/2022,8.30AM,201
6150,1880,3021,4002,5001,25,3/4/2022,6.00PM,105
6151,1117,3004,4002,5005,25,10/18/2022,10.00PM,205
6152,1150,3009,4002,5002,25,3/16/2022,11.30AM,204
6153,1302,3022,4001,5003,25,3/5/2022,8.00PM,103
6154,1484,3020,4000,5001,25,10/20/2022,9.00PM,102
6155,1842,3017,4002,5000,25,9/26/2022,2.00PM,201
6156,1788,3015,4000,5000,25,2/18/2022,2.00AM,104
6157,1416,3020,4000,5000,25,5/2/2022,7.30AM,104
6158,1849,3027,4002,5006,25,3/15/2022,9.30AM,103
6159,1533,3012,4002,5006,25,1/17/2022,9.00PM,103
6160,1871,3013,4000,5000,25,3/18/2022,3.00AM,106
6161,1656,3002,4002,5006,25,4/22/2022,9.30PM,101
6162,1926,3000,4002,5004,25,6/7/2022,2.00PM,104
6163,1178,3007,4000,5001,25,5/4/2022,10.30PM,103
6164,1809,3019,4001,5006,25,10/20/2022,1.00PM,102
6165,1202,3015,4001,5000,25,4/13/2022,6.00PM,205
6166,1897,3012,4000,5005,25,10/7/2022,4.30AM,204
6167,1387,3021,4002,5001,25,4/7/2022,9.30PM,104
6168,1134,3022,4001,5003,25,8/26/2022,4.30PM,204
6169,1572,3023,4001,5006,25,4/13/2022,10.30PM,105
6170,1903,3011,4001,5002,25,10/6/2022,2.30AM,102
6171,1526,3001,4002,5005,25,9/20/2022,6.30PM,202
6172,1090,3017,4002,5003,25,4/11/2022,2.00AM,202
6173,1915,3009,4002,5005,25,5/23/2022,8.00PM,106
6174,1585,3014,4001,5005,25,7/7/2022,4.30PM,202
6175,1690,3006,4000,5006,25,5/5/2022,10.00PM,101
6176,1860,3017,4002,5003,25,3/13/2022,4.00PM,201
6177,1509,3020,4002,5004,25,11/7/2022,11.00AM,201
6178,1024,3013,4001,5003,25,5/27/2022,9.30AM,102
6179,1213,3025,4002,5005,25,9/10/2022,6.30PM,103
6180,1727,3011,4002,5002,25,2/25/2022,10.00AM,103
6181,1019,3012,4002,5003,25,1/9/2022,1.00AM,102
6182,1220,3012,4000,5004,25,4/10/2022,6.30AM,204
6183,1681,3027,4000,5003,25,9/24/2022,2.00AM,106
6184,1786,3012,4002,5003,25,10/25/2022,6.00AM,204
6185,1371,3005,4000,5004,25,9/25/2022,9.30AM,106
6186,1224,3018,4001,5004,25,3/1/2022,10.00PM,205
6187,1484,3021,4002,5000,25,3/10/2022,6.30PM,202
6188,1534,3028,4001,5000,25,8/14/2022,8.30AM,205
6189,1841,3015,4002,5001,25,3/22/2022,9.00PM,105
6190,1389,3015,4002,5006,25,1/11/2022,9.00PM,205
6191,1838,3003,4002,5005,25,9/2/2022,4.30AM,105
6192,1456,3019,4000,5005,25,2/20/2022,8.30PM,101
6193,1195,3000,4000,5005,25,4/5/2022,5.00AM,203
6194,1391,3006,4001,5000,25,11/4/2022,7.00AM,102
6195,1008,3017,4001,5004,25,2/11/2022,10.30AM,105
6196,1847,3014,4001,5005,25,11/27/2022,6.00PM,105
6197,1773,3027,4002,5002,25,2/15/2022,1.30PM,105
6198,1895,3028,4001,5004,25,3/4/2022,6.30PM,102
6199,1038,3010,4001,5002,25,10/21/2022,8.30PM,205
6200,1696,3003,4000,5006,25,7/17/2022,2.00AM,104
6201,1044,3009,4001,5001,25,6/13/2022,11.00PM,102
6202,1711,3018,4001,5001,25,5/24/2022,5.00PM,204
6203,1417,3009,4000,5001,25,7/7/2022,5.30AM,203
6204,1443,3019,4002,5001,25,7/14/2022,9.00PM,202
6205,1347,3001,4002,5003,25,3/24/2022,2.00PM,104
6206,1517,3021,4002,5006,25,4/20/2022,8.30PM,105
6207,1168,3025,4000,5003,25,2/5/2022,4.30PM,102
6208,1793,3016,4002,5006,25,3/6/2022,7.30PM,205
6209,1321,3021,4000,5005,25,10/27/2022,1.30AM,103
6210,1345,3009,4000,5000,25,6/9/2022,3.30PM,104
6211,1799,3028,4001,5003,25,7/14/2022,7.30AM,205
6212,1597,3011,4002,5003,25,5/13/2022,5.00AM,105
6213,1988,3027,4001,5002,25,9/11/2022,7.30AM,103
6214,1828,3003,4000,5001,25,9/23/2022,4.30AM,204
6215,1285,3015,4001,5003,25,5/8/2022,2.30PM,205
6216,1078,3010,4000,5001,25,8/3/2022,10.00AM,203
6217,1705,3015,4002,5005,25,8/25/2022,3.00PM,104
6218,1207,3024,4002,5005,25,2/8/2022,7.00AM,203
6219,1965,3024,4002,5003,25,11/16/2022,3.30PM,104
6220,1292,3004,4001,5005,25,7/11/2022,8.00AM,203
6221,1947,3005,4001,5001,25,3/22/2022,11.30PM,106
6222,1908,3018,4001,5006,25,9/8/2022,11.00AM,103
6223,1477,3012,4001,5004,25,3/23/2022,11.30AM,103
6224,1890,3021,4002,5004,25,1/20/2022,10.00PM,201
6225,1887,3022,4000,5000,25,3/22/2022,11.30AM,202
6226,1068,3009,4002,5001,25,9/2/2022,7.30PM,103
6227,1142,3011,4000,5003,25,5/2/2022,10.30AM,102
6228,1450,3010,4000,5000,25,10/11/2022,2.30AM,105
6229,1129,3022,4000,5004,25,6/6/2022,4.30PM,106
6230,1635,3019,4000,5005,25,10/20/2022,6.30PM,102
6231,1714,3022,4002,5001,25,8/8/2022,7.00AM,106
6232,1447,3002,4000,5002,25,2/26/2022,3.30AM,204
6233,1215,3024,4002,5004,25,9/1/2022,8.30AM,105
6234,1926,3005,4002,5006,25,6/26/2022,2.00AM,104
6235,1727,3004,4001,5004,25,5/16/2022,6.30PM,202
6236,1688,3001,4001,5002,25,10/11/2022,6.30AM,101
6237,1765,3015,4002,5005,25,3/7/2022,5.30PM,105
6238,1575,3018,4000,5002,25,2/18/2022,6.00PM,203
6239,1540,3023,4002,5002,25,9/18/2022,8.30PM,205
6240,1938,3004,4001,5006,25,6/23/2022,8.30PM,106
6241,1213,3016,4002,5006,25,4/5/2022,8.30PM,106
6242,1407,3009,4000,5000,25,11/11/2022,4.30AM,106
6243,1170,3027,4000,5003,25,7/26/2022,2.00AM,205
6244,1853,3008,4001,5006,25,9/25/2022,10.30PM,202
6245,1253,3005,4000,5002,25,5/22/2022,10.30PM,104
6246,1034,3007,4001,5006,25,9/22/2022,10.00AM,201
6247,1314,3020,4002,5004,25,8/7/2022,7.00PM,202
6248,1049,3006,4000,5001,25,4/13/2022,4.30AM,102
6249,1593,3020,4002,5005,25,3/10/2022,11.30AM,104
6250,1274,3000,4002,5001,25,10/4/2022,11.30AM,104
6251,1503,3023,4001,5005,25,1/26/2022,1.00AM,202
6252,1332,3015,4002,5002,25,9/8/2022,6.30AM,202
6253,1087,3012,4000,5002,25,11/1/2022,10.00PM,204
6254,1374,3013,4001,5003,25,4/6/2022,1.00AM,201
6255,1354,3009,4000,5006,25,11/22/2022,9.00PM,204
6256,1205,3005,4001,5002,25,8/1/2022,7.30AM,102
6257,1839,3028,4001,5000,25,7/21/2022,1.30AM,201
6258,1603,3027,4001,5006,25,1/2/2022,11.30PM,104
6259,1163,3006,4002,5005,25,10/6/2022,10.30PM,101
6260,1431,3024,4002,5003,25,9/10/2022,11.30AM,104
6261,1453,3006,4000,5001,25,7/17/2022,7.30AM,205
6262,1980,3014,4000,5002,25,6/2/2022,1.30PM,106
6263,1352,3012,4002,5005,25,11/27/2022,8.30AM,105
6264,1742,3005,4000,5001,25,4/5/2022,10.30AM,102
6265,1731,3022,4000,5004,25,3/26/2022,10.00AM,104
6266,1771,3014,4002,5003,25,9/2/2022,3.30PM,101
6267,1832,3004,4000,5005,25,10/20/2022,3.30PM,101
6268,1154,3026,4000,5003,25,9/6/2022,7.00AM,204
6269,1281,3026,4002,5001,25,8/4/2022,6.00AM,102
6270,1021,3022,4002,5001,25,4/9/2022,9.30PM,202
6271,1413,3010,4000,5004,25,1/23/2022,1.30AM,201
6272,1955,3011,4002,5004,25,1/11/2022,1.00AM,202
6273,1616,3012,4001,5003,25,8/18/2022,6.00PM,204
6274,1708,3028,4001,5004,25,5/21/2022,3.30AM,102
6275,1711,3007,4000,5001,25,6/3/2022,1.30AM,205
6276,1790,3008,4002,5003,25,10/23/2022,5.00PM,103
6277,1402,3001,4000,5000,25,7/2/2022,4.30AM,104
6278,1572,3018,4002,5001,25,10/5/2022,4.30PM,101
6279,1041,3023,4000,5005,25,10/21/2022,7.30AM,102
6280,1890,3010,4002,5005,25,3/3/2022,2.30PM,203
6281,1943,3017,4002,5000,25,11/3/2022,7.00AM,104
6282,1133,3020,4000,5000,25,8/17/2022,9.00AM,205
6283,1206,3001,4002,5004,25,8/10/2022,10.00PM,103
6284,1105,3028,4000,5003,25,2/25/2022,11.30PM,105
6285,1127,3014,4001,5002,25,8/6/2022,1.00PM,104
6286,1094,3011,4001,5002,25,1/23/2022,3.00AM,205
6287,1645,3010,4001,5005,25,1/4/2022,4.30PM,104
6288,1332,3013,4001,5004,25,2/15/2022,4.30PM,204
6289,1585,3004,4001,5006,25,4/27/2022,10.00PM,105
6290,1943,3028,4001,5002,25,4/2/2022,11.00AM,103
6291,1116,3007,4000,5002,25,1/8/2022,9.00PM,203
6292,1011,3013,4002,5002,25,3/15/2022,8.00PM,201
6293,1652,3002,4002,5002,25,2/25/2022,9.30PM,103
6294,1687,3005,4000,5006,25,8/8/2022,4.30AM,204
6295,1036,3004,4001,5004,25,2/1/2022,8.30PM,202
6296,1757,3001,4002,5004,25,1/2/2022,1.00PM,203
6297,1729,3025,4001,5006,25,11/14/2022,9.30PM,106
6298,1087,3004,4002,5000,25,1/5/2022,9.30PM,105
6299,1003,3010,4001,5006,25,7/10/2022,9.00PM,105
6300,1624,3005,4000,5006,25,8/14/2022,11.30PM,205
6301,1848,3020,4000,5005,25,3/15/2022,7.00PM,103
6302,1360,3015,4000,5001,25,2/16/2022,6.00PM,201
6303,1012,3006,4001,5004,25,5/1/2022,10.00AM,201
6304,1800,3000,4002,5002,25,6/23/2022,10.00AM,104
6305,1357,3027,4002,5003,25,4/6/2022,7.00AM,203
6306,1865,3023,4002,5003,25,7/5/2022,6.30PM,106
6307,1357,3016,4000,5005,25,10/6/2022,2.30AM,102
6308,1842,3022,4001,5005,25,2/9/2022,5.30PM,202
6309,1912,3007,4001,5000,25,4/13/2022,2.30AM,103
6310,1244,3020,4001,5002,25,5/3/2022,7.30PM,105
6311,1346,3010,4001,5000,25,2/12/2022,8.00PM,205
6312,1900,3026,4001,5005,25,8/4/2022,6.30AM,205
6313,1521,3024,4000,5001,25,10/22/2022,3.30AM,205
6314,1407,3012,4000,5002,25,5/18/2022,3.30AM,102
6315,1436,3008,4002,5003,25,2/24/2022,8.00PM,105
6316,1898,3028,4000,5001,25,2/18/2022,3.30AM,103
6317,1377,3000,4002,5005,25,5/7/2022,6.30PM,103
6318,1671,3008,4000,5005,25,8/4/2022,6.30PM,201
6319,1618,3016,4000,5003,25,10/2/2022,11.30PM,102
6320,1085,3023,4000,5006,25,3/23/2022,11.30PM,103
6321,1648,3005,4002,5001,25,5/15/2022,7.30PM,102
6322,1694,3019,4001,5000,25,4/15/2022,3.30PM,101
6323,1318,3019,4000,5001,25,8/10/2022,6.00AM,104
6324,1555,3001,4001,5001,25,4/16/2022,10.30AM,204
6325,1989,3004,4001,5001,25,7/7/2022,10.30AM,104
6326,1752,3004,4001,5002,25,2/8/2022,8.00PM,202
6327,1245,3022,4000,5006,25,2/15/2022,6.00AM,105
6328,1697,3005,4002,5006,25,5/20/2022,10.00PM,204
6329,1938,3010,4000,5003,25,10/17/2022,7.30PM,101
6330,1295,3004,4002,5002,25,8/8/2022,4.30PM,103
6331,1734,3003,4002,5002,25,5/15/2022,8.30AM,203
6332,1835,3006,4000,5005,25,8/5/2022,4.00PM,203
6333,1034,3015,4002,5002,25,10/27/2022,2.00PM,201
6334,1794,3021,4001,5003,25,1/19/2022,6.30AM,106
6335,1467,3021,4001,5003,25,6/9/2022,10.30AM,203
6336,1012,3002,4002,5001,25,1/10/2022,10.30AM,103
6337,1831,3007,4002,5006,25,9/12/2022,4.30AM,202
6338,1970,3006,4001,5000,25,10/11/2022,2.30PM,101
6339,1976,3027,4000,5004,25,7/19/2022,7.00PM,202
6340,1241,3019,4001,5002,25,4/7/2022,5.00AM,203
6341,1489,3011,4000,5000,25,10/4/2022,11.30AM,101
6342,1986,3005,4002,5000,25,10/6/2022,11.00AM,104
6343,1440,3017,4002,5006,25,3/4/2022,7.00PM,102
6344,1603,3025,4001,5002,25,5/13/2022,3.30PM,101
6345,1982,3006,4001,5000,25,5/5/2022,11.30PM,106
6346,1086,3000,4000,5000,25,11/20/2022,6.00AM,101
6347,1892,3027,4000,5000,25,7/26/2022,7.00AM,102
6348,1561,3022,4001,5001,25,5/4/2022,2.00AM,204
6349,1643,3024,4002,5002,25,10/22/2022,11.00AM,106
6350,1544,3005,4001,5003,25,1/16/2022,6.00PM,202
6351,1540,3028,4000,5001,25,9/19/2022,11.30AM,201
6352,1369,3016,4002,5001,25,10/3/2022,1.30PM,202
6353,1828,3004,4001,5005,25,7/22/2022,4.00PM,204
6354,1401,3022,4000,5003,25,6/18/2022,10.00AM,101
6355,1146,3001,4000,5001,25,9/14/2022,8.30AM,203
6356,1606,3001,4000,5004,25,1/14/2022,1.30PM,101
6357,1242,3019,4002,5005,25,4/4/2022,2.30PM,102
6358,1940,3007,4000,5005,25,6/22/2022,9.30AM,201
6359,1608,3007,4002,5002,25,8/21/2022,10.30AM,101
6360,1224,3013,4001,5000,25,1/27/2022,5.00AM,205
6361,1813,3007,4001,5004,25,6/27/2022,11.30AM,202
6362,1668,3015,4002,5001,25,5/16/2022,7.30AM,103
6363,1423,3010,4002,5004,25,2/11/2022,1.30PM,201
6364,1140,3020,4000,5005,25,6/23/2022,2.30AM,104
6365,1921,3026,4000,5003,25,8/6/2022,11.30AM,205
6366,1226,3026,4000,5006,25,4/4/2022,2.30PM,205
6367,1601,3023,4002,5002,25,2/20/2022,9.30AM,204
6368,1523,3013,4002,5006,25,10/11/2022,3.30AM,204
6369,1760,3027,4001,5002,25,9/2/2022,3.30PM,102
6370,1699,3000,4001,5000,25,3/10/2022,2.30PM,203
6371,1262,3012,4002,5005,25,6/13/2022,7.30AM,205
6372,1522,3003,4001,5005,25,2/17/2022,1.30PM,204
6373,1525,3005,4000,5000,25,6/17/2022,7.30AM,102
6374,1399,3015,4001,5001,25,11/2/2022,8.30AM,106
6375,1303,3027,4002,5005,25,5/4/2022,2.00AM,205
6376,1468,3016,4001,5004,25,6/25/2022,11.00PM,106
6377,1781,3027,4001,5003,25,11/14/2022,8.00AM,105
6378,1502,3015,4000,5000,25,8/17/2022,8.00PM,201
6379,1294,3009,4000,5005,25,1/13/2022,9.00PM,105
6380,1502,3025,4000,5005,25,10/16/2022,7.30AM,103
6381,1698,3004,4002,5001,25,9/3/2022,6.00PM,102
6382,1926,3006,4000,5004,25,3/14/2022,9.30PM,106
6383,1912,3006,4000,5004,25,1/17/2022,11.30AM,205
6384,1699,3024,4000,5001,25,10/3/2022,8.00PM,201
6385,1486,3000,4002,5005,25,8/14/2022,2.00AM,102
6386,1118,3010,4002,5002,25,8/10/2022,1.00AM,202
6387,1040,3011,4001,5005,25,5/25/2022,10.00PM,103
6388,1651,3001,4000,5005,25,7/10/2022,8.30PM,203
6389,1557,3004,4002,5003,25,11/7/2022,6.30AM,105
6390,1071,3027,4002,5006,25,6/8/2022,4.00PM,102
6391,1043,3004,4001,5003,25,5/25/2022,3.30PM,201
6392,1413,3018,4001,5005,25,3/1/2022,5.30AM,205
6393,1803,3004,4000,5002,25,4/6/2022,11.00AM,202
6394,1385,3025,4002,5002,25,1/14/2022,10.00AM,106
6395,1304,3016,4002,5003,25,11/24/2022,9.30AM,205
6396,1995,3014,4002,5003,25,1/12/2022,1.30AM,201
6397,1156,3016,4000,5002,25,11/14/2022,9.00PM,202
6398,1163,3009,4001,5002,25,11/8/2022,2.00AM,205
6399,1718,3019,4000,5003,25,11/4/2022,6.30PM,204
6400,1919,3010,4002,5005,25,9/27/2022,10.30PM,201
6401,1558,3025,4002,5004,25,4/22/2022,3.00AM,102
6402,1230,3013,4001,5000,25,9/21/2022,8.00AM,103
6403,1905,3023,4002,5003,25,5/15/2022,1.00PM,101
6404,1729,3009,4001,5001,25,1/24/2022,8.30PM,104
6405,1263,3026,4001,5005,25,1/6/2022,7.30AM,105
6406,1944,3026,4001,5001,25,7/18/2022,5.30AM,106
6407,1840,3027,4001,5006,25,3/20/2022,1.00PM,102
6408,1664,3003,4001,5005,25,4/19/2022,11.00PM,101
6409,1896,3001,4001,5000,25,5/26/2022,4.00PM,103
6410,1834,3004,4002,5006,25,5/19/2022,6.30AM,101
6411,1831,3015,4000,5005,25,7/5/2022,9.00AM,201
6412,1797,3023,4000,5003,25,7/5/2022,6.00AM,102
6413,1744,3021,4001,5005,25,3/13/2022,6.30AM,102
6414,1369,3027,4002,5001,25,2/14/2022,11.00PM,106
6415,1969,3028,4001,5003,25,7/12/2022,5.00PM,203
6416,1395,3004,4001,5003,25,1/11/2022,3.00AM,203
6417,1221,3006,4002,5001,25,6/2/2022,5.30AM,104
6418,1127,3019,4002,5000,25,2/27/2022,6.30AM,106
6419,1963,3008,4002,5004,25,11/1/2022,9.30AM,102
6420,1313,3014,4001,5005,25,8/7/2022,1.00AM,202
6421,1358,3011,4000,5003,25,8/3/2022,3.30PM,203
6422,1840,3004,4001,5000,25,9/27/2022,4.30AM,106
6423,1697,3011,4001,5004,25,3/4/2022,1.00PM,203
6424,1062,3001,4001,5004,25,2/22/2022,1.30PM,204
6425,1833,3003,4002,5004,25,2/3/2022,5.00PM,106
6426,1581,3007,4001,5002,25,1/11/2022,1.00AM,106
6427,1381,3002,4001,5002,25,8/25/2022,11.30AM,105
6428,1515,3027,4002,5005,25,3/20/2022,6.00AM,205
6429,1762,3003,4000,5001,25,2/11/2022,2.00AM,202
6430,1346,3011,4002,5004,25,8/27/2022,4.00AM,103
6431,1460,3025,4001,5000,25,7/15/2022,2.30PM,205
6432,1402,3018,4000,5006,25,5/15/2022,7.00PM,103
6433,1800,3000,4001,5001,25,6/12/2022,1.30AM,104
6434,1672,3003,4001,5001,25,5/9/2022,3.30AM,205
6435,1508,3011,4001,5004,25,2/3/2022,11.30AM,205
6436,1399,3027,4000,5006,25,9/19/2022,2.30AM,201
6437,1648,3000,4000,5003,25,2/17/2022,10.30PM,106
6438,1231,3002,4002,5005,25,8/15/2022,9.00AM,202
6439,1729,3005,4000,5001,25,10/22/2022,2.30AM,103
6440,1704,3005,4000,5006,25,10/2/2022,4.00AM,101
6441,1564,3006,4002,5000,25,6/15/2022,4.00PM,201
6442,1865,3026,4002,5001,25,10/17/2022,6.30PM,101
6443,1027,3028,4001,5001,25,3/15/2022,6.30PM,103
6444,1183,3006,4002,5000,25,6/20/2022,9.00AM,204
6445,1474,3014,4001,5001,25,10/22/2022,10.30AM,104
6446,1527,3026,4001,5006,25,4/3/2022,9.00PM,204
6447,1235,3006,4001,5000,25,9/16/2022,6.30PM,104
6448,1084,3004,4000,5002,25,6/23/2022,5.30PM,205
6449,1980,3022,4000,5001,25,1/9/2022,8.00AM,106
6450,1664,3018,4002,5002,25,9/10/2022,1.00PM,102
6451,1474,3001,4001,5005,25,3/14/2022,3.30AM,105
6452,1920,3006,4002,5004,25,6/22/2022,11.00AM,102
6453,1944,3005,4001,5003,25,4/20/2022,2.00AM,205
6454,1727,3002,4000,5005,25,1/18/2022,3.00AM,103
6455,1671,3023,4002,5001,25,9/7/2022,7.30AM,101
6456,1387,3007,4001,5001,25,5/17/2022,6.30PM,201
6457,1674,3018,4001,5005,25,11/14/2022,8.30PM,105
6458,1009,3005,4001,5004,25,10/24/2022,3.30AM,101
6459,1648,3012,4000,5003,25,8/10/2022,8.30AM,103
6460,1558,3020,4002,5001,25,11/6/2022,2.30PM,106
6461,1225,3011,4002,5004,25,8/2/2022,4.30PM,201
6462,1392,3027,4002,5000,25,2/18/2022,7.00PM,103
6463,1234,3024,4000,5002,25,4/3/2022,4.00AM,205
6464,1528,3006,4002,5006,25,3/12/2022,7.00PM,202
6465,1721,3027,4000,5006,25,9/11/2022,4.30AM,101
6466,1862,3014,4000,5000,25,6/17/2022,5.30PM,102
6467,1708,3007,4000,5005,25,6/17/2022,11.00AM,106
6468,1430,3016,4000,5006,25,1/23/2022,1.30AM,101
6469,1445,3010,4000,5004,25,2/16/2022,6.00PM,204
6470,1950,3000,4002,5003,25,1/2/2022,8.00AM,106
6471,1865,3004,4000,5000,25,8/5/2022,5.00PM,106
6472,1100,3025,4002,5002,25,5/3/2022,5.00AM,103
6473,1941,3001,4002,5006,25,2/14/2022,7.00PM,204
6474,1112,3014,4002,5002,25,4/8/2022,7.30PM,105
6475,1019,3014,4000,5001,25,5/22/2022,1.00PM,202
6476,1540,3000,4000,5004,25,9/7/2022,6.00AM,203
6477,1487,3023,4000,5006,25,9/9/2022,11.00AM,204
6478,1477,3023,4002,5006,25,4/15/2022,6.30AM,202
6479,1513,3021,4001,5005,25,11/22/2022,3.30PM,202
6480,1779,3004,4000,5006,25,1/11/2022,8.00PM,203
6481,1603,3022,4001,5005,25,10/4/2022,10.30AM,204
6482,1650,3022,4000,5004,25,9/14/2022,3.00AM,106
6483,1281,3010,4000,5006,25,7/3/2022,1.00PM,202
6484,1256,3019,4000,5004,25,2/23/2022,4.00PM,204
6485,1986,3006,4002,5002,25,3/2/2022,9.30PM,102
6486,1724,3019,4001,5003,25,9/7/2022,2.30PM,104
6487,1873,3004,4002,5005,25,6/10/2022,2.00PM,204
6488,1381,3021,4002,5001,25,8/27/2022,2.30PM,203
6489,1524,3009,4002,5003,25,6/10/2022,1.30AM,102
6490,1853,3008,4001,5000,25,9/24/2022,2.00PM,202
6491,1232,3015,4002,5006,25,11/24/2022,2.30PM,202
6492,1248,3000,4001,5002,25,2/17/2022,10.00AM,104
6493,1491,3010,4000,5004,25,6/25/2022,10.30PM,104
6494,1260,3015,4001,5003,25,8/23/2022,8.30PM,106
6495,1025,3026,4002,5001,25,1/16/2022,8.00AM,101
6496,1186,3011,4001,5001,25,1/4/2022,1.00AM,202
6497,1388,3025,4002,5002,25,10/23/2022,3.30PM,103
6498,1225,3012,4002,5006,25,1/27/2022,11.00AM,204
6499,1536,3025,4001,5005,25,1/21/2022,11.30PM,205
6500,1542,3019,4002,5005,25,3/16/2022,10.00AM,106
6501,1650,3020,4002,5003,25,1/7/2022,8.00AM,103
6502,1095,3027,4000,5002,25,4/12/2022,4.00PM,201
6503,1378,3026,4000,5002,25,10/18/2022,6.30PM,101
6504,1710,3008,4000,5004,25,5/18/2022,10.30AM,102
6505,1371,3015,4002,5002,25,6/3/2022,6.00AM,101
6506,1225,3022,4001,5000,25,10/8/2022,10.30PM,106
6507,1991,3005,4000,5006,25,11/18/2022,5.00PM,101
6508,1094,3002,4000,5002,25,6/2/2022,11.00AM,204
6509,1007,3010,4000,5000,25,1/4/2022,6.30AM,103
6510,1856,3014,4000,5006,25,11/3/2022,11.30AM,106
6511,1780,3014,4000,5005,25,1/3/2022,1.30PM,104
6512,1071,3023,4001,5006,25,11/27/2022,9.00AM,104
6513,1415,3016,4001,5006,25,11/3/2022,11.00PM,105
6514,1296,3020,4001,5003,25,10/25/2022,10.30AM,204
6515,1972,3021,4000,5006,25,2/13/2022,6.00PM,203
6516,1340,3023,4001,5005,25,6/13/2022,8.00PM,203
6517,1567,3024,4001,5004,25,10/4/2022,5.30AM,104
6518,1960,3008,4000,5003,25,10/15/2022,3.00PM,104
6519,1375,3003,4000,5004,25,7/11/2022,2.30PM,202
6520,1312,3028,4001,5000,25,6/4/2022,5.30PM,103
6521,1418,3026,4001,5005,25,3/25/2022,11.00PM,106
6522,1039,3009,4002,5005,25,9/24/2022,7.00AM,201
6523,1231,3011,4001,5000,25,2/20/2022,11.00AM,203
6524,1595,3009,4001,5004,25,7/17/2022,2.00PM,102
6525,1721,3027,4002,5001,25,6/6/2022,2.00AM,204
6526,1461,3004,4001,5005,25,8/1/2022,6.00PM,204
6527,1819,3003,4002,5004,25,7/10/2022,1.30AM,104
6528,1436,3006,4001,5003,25,10/22/2022,10.30PM,204
6529,1025,3018,4002,5006,25,2/23/2022,4.00AM,201
6530,1174,3022,4001,5005,25,10/1/2022,6.30PM,102
6531,1038,3020,4001,5000,25,4/3/2022,6.30AM,201
6532,1901,3022,4002,5005,25,7/23/2022,10.30AM,105
6533,1555,3025,4000,5000,25,9/3/2022,1.00AM,103
6534,1931,3023,4001,5004,25,8/23/2022,7.00PM,101
6535,1357,3011,4002,5003,25,1/12/2022,11.00PM,205
6536,1241,3018,4001,5003,25,3/13/2022,5.30AM,205
6537,1356,3021,4001,5000,25,8/13/2022,11.30AM,106
6538,1555,3026,4002,5000,25,11/24/2022,6.00PM,104
6539,1366,3024,4002,5001,25,1/23/2022,11.00AM,203
6540,1149,3021,4000,5003,25,8/13/2022,9.00PM,205
6541,1872,3012,4000,5003,25,11/14/2022,6.00AM,104
6542,1154,3010,4002,5003,25,11/8/2022,1.00PM,104
6543,1017,3028,4002,5003,25,2/12/2022,4.30AM,104
6544,1810,3012,4000,5003,25,9/21/2022,6.00AM,101
6545,1841,3018,4001,5003,25,8/1/2022,9.30AM,205
6546,1774,3007,4000,5005,25,1/4/2022,8.00PM,101
6547,1093,3012,4002,5005,25,1/3/2022,4.30AM,202
6548,1477,3001,4001,5002,25,4/24/2022,9.30PM,101
6549,1346,3004,4000,5004,25,6/10/2022,10.00PM,103
6550,1050,3017,4002,5006,25,3/22/2022,7.00AM,101
6551,1735,3025,4000,5001,25,7/26/2022,2.00AM,103
6552,1500,3007,4001,5004,25,1/2/2022,4.30AM,204
6553,1191,3000,4001,5005,25,11/1/2022,2.30AM,205
6554,1340,3012,4000,5001,25,10/19/2022,8.30PM,105
6555,1948,3013,4002,5003,25,9/23/2022,10.00PM,106
6556,1611,3004,4001,5004,25,4/12/2022,3.30AM,203
6557,1459,3010,4002,5000,25,1/23/2022,9.00AM,202
6558,1769,3021,4000,5001,25,2/22/2022,7.30PM,102
6559,1040,3028,4001,5003,25,1/19/2022,9.30AM,205
6560,1800,3002,4000,5001,25,5/24/2022,7.00AM,201
6561,1472,3018,4001,5004,25,10/9/2022,7.30PM,105
6562,1154,3009,4000,5006,25,2/1/2022,5.30PM,205
6563,1164,3009,4000,5006,25,10/11/2022,9.30PM,103
6564,1784,3020,4002,5003,25,5/22/2022,6.30AM,204
6565,1988,3012,4001,5000,25,8/18/2022,4.30PM,205
6566,1069,3006,4002,5004,25,6/1/2022,4.00PM,201
6567,1892,3022,4000,5001,25,8/17/2022,6.00AM,104
6568,1110,3012,4000,5005,25,1/26/2022,8.00PM,201
6569,1032,3013,4000,5006,25,11/27/2022,7.30AM,102
6570,1682,3010,4001,5001,25,1/21/2022,10.30PM,102
6571,1967,3016,4002,5000,25,11/9/2022,10.30AM,205
6572,1877,3001,4000,5005,25,11/3/2022,4.30PM,204
6573,1513,3001,4001,5002,25,11/10/2022,10.30AM,203
6574,1643,3019,4001,5000,25,2/6/2022,7.30AM,102
6575,1836,3027,4000,5000,25,7/7/2022,2.30PM,104
6576,1996,3005,4002,5005,25,9/5/2022,6.00PM,106
6577,1691,3018,4002,5003,25,9/17/2022,8.30PM,101
6578,1937,3001,4000,5001,25,4/19/2022,6.00AM,201
6579,1398,3003,4000,5006,25,9/24/2022,3.30AM,104
6580,1278,3016,4000,5006,25,9/11/2022,8.30PM,102
6581,1489,3011,4002,5004,25,5/13/2022,7.30AM,203
6582,1921,3006,4001,5004,25,9/24/2022,11.00AM,202
6583,1652,3004,4000,5005,25,8/5/2022,6.00PM,101
6584,1530,3001,4001,5006,25,3/24/2022,1.30PM,205
6585,1855,3002,4002,5003,25,3/8/2022,1.00AM,101
6586,1657,3009,4002,5006,25,11/10/2022,7.30AM,102
6587,1692,3028,4001,5006,25,10/13/2022,11.30PM,202
6588,1937,3001,4002,5001,25,9/24/2022,7.00AM,101
6589,1569,3005,4002,5005,25,8/19/2022,7.30PM,205
6590,1986,3007,4001,5003,25,2/19/2022,11.30AM,103
6591,1136,3006,4000,5006,25,1/6/2022,1.00AM,103
6592,1352,3000,4001,5000,25,7/14/2022,11.30AM,102
6593,1993,3026,4002,5005,25,9/16/2022,4.30AM,203
6594,1341,3016,4001,5000,25,7/1/2022,6.30PM,101
6595,1647,3023,4002,5002,25,11/10/2022,2.30PM,106
6596,1213,3018,4000,5002,25,6/22/2022,6.30AM,104
6597,1659,3015,4002,5000,25,8/3/2022,11.00AM,106
6598,1656,3011,4000,5004,25,1/3/2022,7.30AM,101
6599,1330,3010,4002,5004,25,5/9/2022,5.00AM,203
6600,1811,3005,4002,5006,25,11/19/2022,6.30AM,103
6601,1394,3008,4002,5001,25,1/20/2022,9.00PM,103
6602,1999,3027,4002,5003,25,3/25/2022,11.30PM,105
6603,1880,3007,4002,5000,25,5/19/2022,5.30AM,103
6604,1819,3012,4002,5006,25,7/27/2022,6.00AM,102
6605,1548,3015,4002,5003,25,6/5/2022,2.00AM,201
6606,1835,3020,4002,5001,25,10/18/2022,3.00PM,101
6607,1868,3028,4002,5002,25,8/15/2022,11.30AM,102
6608,1461,3025,4000,5006,25,1/20/2022,1.00PM,102
6609,1319,3010,4001,5000,25,1/3/2022,5.00AM,205
6610,1191,3003,4001,5006,25,8/4/2022,7.30PM,105
6611,1062,3015,4000,5005,25,7/23/2022,4.30AM,103
6612,1903,3006,4001,5000,25,11/24/2022,1.00AM,101
6613,1449,3012,4000,5005,25,10/24/2022,1.00PM,102
6614,1999,3015,4001,5006,25,2/26/2022,1.00PM,102
6615,1948,3014,4000,5006,25,4/22/2022,10.00AM,103
6616,1585,3027,4002,5002,25,8/1/2022,2.00AM,101
6617,1186,3028,4001,5000,25,4/16/2022,6.00PM,203
6618,1628,3001,4002,5000,25,7/26/2022,10.00AM,204
6619,1401,3019,4001,5003,25,1/7/2022,2.00PM,103
6620,1744,3020,4002,5001,25,8/16/2022,1.30AM,102
6621,1564,3006,4002,5004,25,2/21/2022,3.00PM,105
6622,1037,3005,4000,5004,25,3/25/2022,11.30PM,201
6623,1706,3016,4000,5005,25,2/23/2022,11.30AM,106
6624,1133,3021,4001,5003,25,7/17/2022,5.00PM,106
6625,1426,3015,4000,5003,25,5/1/2022,4.00PM,204
6626,1231,3028,4000,5006,25,10/8/2022,1.30AM,202
6627,1905,3015,4000,5000,25,8/24/2022,7.30AM,201
6628,1354,3019,4002,5006,25,7/15/2022,1.00PM,104
6629,1727,3021,4002,5005,25,5/19/2022,1.30PM,101
6630,1395,3003,4001,5002,25,10/25/2022,11.30AM,105
6631,1861,3013,4000,5003,25,8/16/2022,4.00AM,106
6632,1837,3006,4002,5002,25,6/25/2022,10.00PM,104
6633,1188,3022,4001,5004,25,6/18/2022,7.30AM,104
6634,1241,3001,4002,5002,25,4/2/2022,5.00AM,202
6635,1527,3011,4002,5002,25,2/24/2022,9.30PM,201
6636,1507,3022,4000,5006,25,4/11/2022,9.30PM,105
6637,1875,3002,4001,5006,25,4/10/2022,2.30PM,204
6638,1796,3009,4000,5003,25,7/8/2022,9.00PM,204
6639,1807,3011,4001,5004,25,2/17/2022,7.00PM,202
6640,1498,3027,4002,5003,25,1/4/2022,7.00PM,105
6641,1332,3018,4000,5000,25,6/7/2022,11.30AM,102
6642,1906,3002,4001,5002,25,11/16/2022,6.00AM,105
6643,1535,3020,4002,5002,25,1/11/2022,1.30AM,201
6644,1768,3021,4001,5002,25,11/1/2022,1.00PM,102
6645,1227,3025,4001,5003,25,1/19/2022,7.30PM,204
6646,1074,3013,4000,5006,25,9/12/2022,8.00AM,201
6647,1955,3001,4000,5000,25,8/12/2022,6.30PM,205
6648,1915,3017,4000,5006,25,10/6/2022,11.30PM,204
6649,1413,3025,4000,5003,25,11/24/2022,5.00PM,102
6650,1698,3009,4000,5000,25,7/15/2022,5.00PM,102
6651,1468,3010,4000,5006,25,8/1/2022,1.30PM,205
6652,1002,3012,4000,5001,25,8/6/2022,3.00AM,102
6653,1445,3001,4001,5005,25,9/1/2022,11.00AM,201
6654,1073,3008,4002,5002,25,9/19/2022,3.30AM,105
6655,1431,3013,4000,5002,25,9/6/2022,9.30PM,202
6656,1603,3020,4002,5005,25,2/16/2022,7.00AM,105
6657,1901,3022,4000,5002,25,3/16/2022,1.00PM,205
6658,1117,3007,4000,5000,25,5/10/2022,11.30PM,105
6659,1269,3001,4002,5003,25,8/22/2022,9.00AM,102
6660,1150,3018,4001,5000,25,11/16/2022,3.00PM,101
6661,1611,3000,4000,5002,25,9/16/2022,3.30PM,102
6662,1850,3017,4000,5000,25,7/23/2022,4.00PM,203
6663,1142,3000,4000,5001,25,3/20/2022,3.00PM,103
6664,1588,3003,4001,5005,25,3/7/2022,8.30AM,205
6665,1949,3007,4000,5001,25,9/15/2022,9.30AM,104
6666,1079,3009,4000,5004,25,4/9/2022,4.00PM,103
6667,1353,3001,4000,5000,25,6/14/2022,10.00PM,101
6668,1453,3004,4001,5001,25,2/14/2022,5.30PM,201
6669,1373,3017,4000,5004,25,5/26/2022,11.30AM,104
6670,1665,3020,4000,5001,25,4/27/2022,8.30PM,203
6671,1189,3007,4000,5006,25,7/25/2022,3.30AM,101
6672,1980,3000,4000,5003,25,9/27/2022,9.00PM,104
6673,1359,3009,4001,5001,25,3/16/2022,6.00AM,103
6674,1819,3003,4002,5004,25,2/14/2022,3.00AM,105
6675,1906,3008,4002,5003,25,5/23/2022,11.00AM,104
6676,1165,3005,4001,5001,25,5/3/2022,5.00PM,203
6677,1015,3003,4001,5002,25,3/10/2022,10.30PM,102
6678,1129,3022,4002,5006,25,2/23/2022,4.00PM,204
6679,1103,3011,4002,5000,25,8/5/2022,8.30AM,102
6680,1750,3019,4000,5004,25,5/27/2022,6.30PM,202
6681,1967,3011,4000,5000,25,8/2/2022,10.30PM,205
6682,1473,3028,4000,5000,25,11/26/2022,8.00PM,203
6683,1668,3024,4002,5006,25,5/20/2022,2.30AM,101
6684,1218,3027,4002,5000,25,11/25/2022,9.30PM,103
6685,1615,3018,4002,5001,25,1/1/2022,5.30AM,106
6686,1051,3008,4002,5000,25,8/20/2022,10.00PM,105
6687,1707,3003,4000,5003,25,3/4/2022,1.00PM,105
6688,1027,3004,4002,5002,25,5/9/2022,2.30AM,105
6689,1612,3003,4001,5001,25,11/26/2022,11.30AM,101
6690,1622,3028,4000,5002,25,11/18/2022,8.30PM,101
6691,1551,3008,4001,5005,25,3/4/2022,7.00AM,101
6692,1568,3003,4002,5005,25,2/1/2022,9.30AM,201
6693,1897,3022,4002,5003,25,10/15/2022,11.00PM,203
6694,1314,3025,4002,5004,25,7/14/2022,6.00AM,104
6695,1890,3001,4001,5001,25,11/11/2022,7.00AM,106
6696,1680,3008,4002,5005,25,1/25/2022,3.00PM,201
6697,1250,3018,4002,5003,25,6/9/2022,1.30AM,204
6698,1144,3010,4000,5001,25,3/17/2022,6.00PM,103
6699,1119,3018,4000,5002,25,5/15/2022,8.00AM,202
6700,1800,3028,4002,5002,25,3/3/2022,9.30PM,202
6701,1556,3017,4000,5005,25,11/1/2022,7.00AM,104
6702,1954,3010,4000,5005,25,11/20/2022,7.00AM,204
6703,1173,3015,4002,5000,25,3/22/2022,2.00PM,202
6704,1671,3008,4001,5004,25,1/7/2022,3.00PM,105
6705,1601,3011,4002,5005,25,1/7/2022,8.30PM,101
6706,1382,3027,4000,5005,25,10/18/2022,11.00AM,104
6707,1434,3016,4002,5002,25,10/26/2022,11.30AM,106
6708,1606,3006,4001,5006,25,7/5/2022,10.00PM,103
6709,1166,3015,4002,5004,25,11/2/2022,8.30PM,101
6710,1531,3020,4002,5003,25,1/12/2022,4.30AM,201
6711,1803,3027,4000,5001,25,10/21/2022,5.00AM,104
6712,1040,3016,4001,5002,25,4/15/2022,10.00AM,201
6713,1142,3010,4000,5003,25,1/12/2022,1.00PM,202
6714,1791,3023,4000,5000,25,9/17/2022,5.00AM,105
6715,1358,3012,4000,5001,25,9/5/2022,4.00AM,102
6716,1682,3007,4000,5005,25,10/3/2022,6.30AM,102
6717,1232,3021,4001,5006,25,5/27/2022,3.00PM,102
6718,1314,3023,4001,5002,25,9/24/2022,7.30AM,204
6719,1447,3018,4001,5001,25,6/13/2022,5.30PM,205
6720,1124,3008,4000,5000,25,1/26/2022,7.00PM,201
6721,1647,3015,4000,5005,25,10/17/2022,2.00PM,105
6722,1636,3016,4002,5002,25,9/21/2022,3.00AM,105
6723,1665,3009,4000,5003,25,5/9/2022,3.30AM,204
6724,1982,3021,4001,5005,25,7/10/2022,10.00AM,101
6725,1331,3026,4002,5006,25,6/27/2022,2.30AM,101
6726,1568,3025,4002,5003,25,4/19/2022,11.30PM,203
6727,1928,3027,4001,5006,25,10/12/2022,9.30AM,204
6728,1039,3002,4002,5005,25,2/25/2022,10.00PM,204
6729,1297,3007,4002,5004,25,11/12/2022,11.00AM,201
6730,1476,3012,4000,5006,25,9/9/2022,8.30AM,105
6731,1203,3000,4000,5006,25,7/16/2022,7.00PM,205
6732,1791,3004,4001,5002,25,4/11/2022,9.00PM,203
6733,1741,3009,4002,5000,25,6/24/2022,4.30PM,201
6734,1692,3003,4000,5005,25,1/6/2022,4.00AM,105
6735,1535,3010,4001,5005,25,8/6/2022,3.30AM,102
6736,1157,3006,4002,5006,25,9/26/2022,4.30AM,101
6737,1015,3011,4001,5000,25,7/3/2022,4.00AM,101
6738,1022,3028,4002,5002,25,6/22/2022,4.00PM,102
6739,1778,3011,4001,5004,25,9/9/2022,8.00AM,202
6740,1172,3009,4001,5001,25,3/6/2022,11.30PM,103
6741,1235,3025,4000,5004,25,3/14/2022,11.30AM,203
6742,1704,3026,4002,5005,25,11/11/2022,3.00AM,203
6743,1486,3009,4002,5006,25,8/27/2022,10.00PM,205
6744,1311,3026,4001,5004,25,2/23/2022,10.00PM,106
6745,1208,3017,4002,5003,25,5/17/2022,1.30PM,203
6746,1727,3020,4000,5003,25,11/5/2022,6.00PM,102
6747,1694,3005,4002,5006,25,1/3/2022,4.00AM,203
6748,1540,3014,4000,5001,25,6/15/2022,2.30PM,103
6749,1995,3019,4002,5005,25,1/11/2022,6.00PM,103
6750,1546,3021,4001,5004,25,5/27/2022,4.00AM,104
6751,1785,3010,4001,5001,25,3/24/2022,8.30AM,201
6752,1874,3016,4001,5002,25,2/4/2022,10.30PM,102
6753,1907,3014,4002,5006,25,6/17/2022,7.30PM,105
6754,1771,3013,4001,5004,25,7/8/2022,10.30AM,204
6755,1650,3021,4000,5001,25,1/2/2022,5.00AM,203
6756,1869,3024,4002,5003,25,5/24/2022,7.30PM,201
6757,1967,3003,4000,5005,25,3/21/2022,1.30AM,103
6758,1491,3008,4001,5006,25,3/8/2022,6.00PM,205
6759,1251,3018,4002,5002,25,9/25/2022,11.30PM,202
6760,1053,3004,4001,5002,25,3/26/2022,7.00PM,204
6761,1916,3005,4000,5006,25,1/3/2022,8.00AM,106
6762,1116,3010,4002,5006,25,9/6/2022,11.30PM,202
6763,1922,3009,4002,5006,25,9/24/2022,5.00PM,101
6764,1085,3003,4001,5000,25,8/21/2022,5.00PM,205
6765,1901,3025,4002,5001,25,8/18/2022,11.30PM,105
6766,1372,3021,4002,5005,25,10/9/2022,9.30PM,205
6767,1222,3000,4001,5002,25,7/7/2022,6.00AM,205
6768,1885,3013,4002,5000,25,11/23/2022,2.00AM,203
6769,1190,3017,4002,5005,25,6/12/2022,5.30PM,105
6770,1163,3023,4000,5001,25,1/15/2022,10.30PM,103
6771,1885,3014,4000,5003,25,10/4/2022,8.30AM,202
6772,1887,3024,4001,5005,25,4/15/2022,4.00AM,106
6773,1576,3004,4002,5001,25,6/21/2022,2.00AM,103
6774,1716,3006,4000,5002,25,7/21/2022,8.30AM,204
6775,1259,3003,4002,5001,25,10/21/2022,7.30AM,204
6776,1974,3024,4001,5000,25,6/17/2022,9.00PM,105
6777,1720,3005,4000,5005,25,7/6/2022,2.30AM,202
6778,1904,3016,4000,5006,25,10/13/2022,5.00PM,205
6779,1623,3013,4002,5006,25,4/11/2022,11.30PM,205
6780,1926,3027,4002,5005,25,3/14/2022,3.00PM,102
6781,1408,3018,4001,5003,25,1/17/2022,5.30AM,103
6782,1280,3018,4002,5005,25,6/9/2022,7.30AM,104
6783,1836,3020,4001,5003,25,2/12/2022,11.30AM,201
6784,1878,3026,4001,5005,25,2/12/2022,2.00AM,104
6785,1345,3003,4002,5004,25,8/14/2022,8.30PM,203
6786,1066,3028,4000,5005,25,3/5/2022,4.00PM,101
6787,1711,3019,4002,5003,25,6/1/2022,10.00PM,204
6788,1638,3026,4001,5001,25,7/15/2022,4.30AM,105
6789,1518,3027,4001,5002,25,6/9/2022,6.30PM,104
6790,1235,3011,4002,5005,25,8/16/2022,7.00PM,106
6791,1588,3001,4000,5002,25,11/11/2022,8.30AM,103
6792,1191,3028,4001,5001,25,7/14/2022,11.00AM,106
6793,1976,3003,4002,5004,25,11/15/2022,8.30PM,105
6794,1215,3014,4002,5005,25,10/21/2022,11.00AM,102
6795,1583,3019,4001,5000,25,1/19/2022,5.30AM,203
6796,1682,3002,4000,5001,25,10/9/2022,4.00PM,106
6797,1375,3004,4001,5004,25,4/3/2022,9.30PM,203
6798,1074,3008,4002,5004,25,6/23/2022,1.00AM,101
6799,1722,3026,4002,5001,25,7/21/2022,4.00AM,201
6800,1089,3008,4002,5006,25,7/21/2022,5.30AM,202
6801,1123,3024,4002,5006,25,8/5/2022,4.00AM,203
6802,1014,3025,4001,5003,25,7/8/2022,8.00PM,205
6803,1688,3027,4001,5001,25,11/21/2022,3.00AM,105
6804,1642,3001,4002,5001,25,5/18/2022,4.00PM,205
6805,1715,3021,4002,5000,25,4/17/2022,2.30PM,203
6806,1508,3011,4000,5003,25,6/27/2022,4.00AM,203
6807,1388,3002,4002,5006,25,4/25/2022,3.00AM,103
6808,1414,3018,4001,5000,25,7/10/2022,3.00AM,203
6809,1888,3019,4002,5005,25,8/7/2022,7.00AM,106
6810,1893,3006,4000,5005,25,4/17/2022,4.00AM,103
6811,1388,3003,4000,5002,25,1/22/2022,10.00PM,205
6812,1419,3016,4001,5006,25,4/15/2022,1.30PM,104
6813,1755,3011,4000,5001,25,1/2/2022,8.30PM,203
6814,1188,3004,4002,5005,25,6/9/2022,6.00AM,202
6815,1841,3018,4000,5002,25,9/12/2022,2.00PM,105
6816,1536,3024,4001,5005,25,8/11/2022,10.00PM,205
6817,1449,3021,4002,5001,25,11/15/2022,11.30AM,103
6818,1652,3027,4000,5004,25,2/3/2022,9.30AM,106
6819,1161,3012,4001,5001,25,8/8/2022,5.00PM,105
6820,1140,3028,4002,5006,25,1/4/2022,1.00PM,201
6821,1688,3026,4002,5001,25,3/20/2022,8.00AM,201
6822,1892,3014,4000,5003,25,5/23/2022,4.00AM,105
6823,1983,3002,4001,5000,25,11/26/2022,2.00PM,103
6824,1847,3021,4000,5004,25,7/7/2022,5.30AM,106
6825,1789,3025,4001,5001,25,2/1/2022,10.30PM,201
6826,1779,3003,4000,5005,25,11/9/2022,2.00PM,106
6827,1529,3012,4000,5006,25,5/20/2022,6.30PM,103
6828,1306,3016,4000,5000,25,10/1/2022,10.00PM,201
6829,1851,3013,4002,5004,25,5/12/2022,9.00PM,203
6830,1702,3013,4000,5002,25,10/20/2022,1.00PM,202
6831,1344,3016,4001,5004,25,3/4/2022,6.00PM,203
6832,1738,3013,4000,5005,25,4/8/2022,6.00AM,106
6833,1283,3024,4000,5003,25,9/10/2022,9.30PM,102
6834,1357,3028,4001,5003,25,3/21/2022,11.30PM,101
6835,1485,3013,4000,5005,25,11/19/2022,3.30PM,203
6836,1951,3003,4000,5001,25,5/21/2022,3.00PM,103
6837,1492,3000,4000,5002,25,11/27/2022,11.30AM,103
6838,1146,3028,4002,5001,25,3/22/2022,2.00AM,102
6839,1166,3026,4000,5006,25,9/17/2022,10.00PM,102
6840,1173,3001,4000,5000,25,4/25/2022,2.30AM,101
6841,1451,3004,4001,5006,25,5/7/2022,9.00AM,103
6842,1853,3008,4001,5001,25,2/16/2022,11.30PM,201
6843,1769,3022,4001,5004,25,7/22/2022,3.00PM,202
6844,1143,3020,4000,5004,25,5/24/2022,6.30PM,103
6845,1846,3025,4000,5001,25,2/1/2022,8.00PM,101
6846,1255,3002,4002,5003,25,3/5/2022,11.00AM,204
6847,1002,3026,4000,5000,25,4/19/2022,6.00PM,103
6848,1434,3003,4001,5004,25,6/18/2022,7.30AM,202
6849,1504,3005,4001,5004,25,8/13/2022,9.30AM,203
6850,1656,3012,4002,5006,25,8/19/2022,8.30AM,104
6851,1176,3024,4002,5005,25,7/6/2022,2.30AM,205
6852,1230,3022,4002,5003,25,8/4/2022,2.30PM,103
6853,1488,3016,4000,5000,25,1/2/2022,11.30AM,205
6854,1103,3006,4000,5004,25,6/4/2022,9.00AM,204
6855,1435,3004,4002,5005,25,5/9/2022,6.30PM,105
6856,1542,3000,4001,5003,25,6/10/2022,5.30PM,101
6857,1076,3028,4002,5004,25,10/24/2022,3.30PM,104
6858,1523,3015,4002,5006,25,7/17/2022,9.30PM,103
6859,1493,3000,4000,5006,25,4/4/2022,1.30PM,101
6860,1463,3028,4001,5005,25,8/22/2022,7.00AM,105
6861,1290,3005,4000,5001,25,6/13/2022,9.30PM,205
6862,1608,3019,4000,5006,25,6/9/2022,1.00AM,203
6863,1601,3002,4002,5000,25,1/5/2022,4.30AM,101
6864,1859,3020,4000,5000,25,2/3/2022,10.00PM,102
6865,1649,3010,4001,5000,25,2/11/2022,9.30PM,202
6866,1865,3015,4001,5000,25,6/21/2022,11.00PM,203
6867,1040,3005,4000,5000,25,1/20/2022,8.30PM,201
6868,1708,3001,4002,5001,25,1/16/2022,5.30AM,104
6869,1894,3008,4001,5004,25,1/5/2022,6.00AM,204
6870,1586,3026,4001,5003,25,11/2/2022,9.30AM,204
6871,1199,3024,4002,5003,25,1/18/2022,8.00PM,203
6872,1253,3017,4000,5005,25,6/27/2022,11.30AM,101
6873,1074,3026,4001,5002,25,4/23/2022,10.00PM,102
6874,1838,3015,4000,5000,25,4/18/2022,1.30PM,205
6875,1631,3015,4002,5006,25,2/20/2022,10.00PM,203
6876,1349,3021,4001,5002,25,1/26/2022,2.00PM,105
6877,1582,3024,4002,5005,25,4/17/2022,1.00AM,201
6878,1160,3014,4002,5004,25,1/10/2022,11.30AM,106
6879,1235,3008,4001,5005,25,1/16/2022,8.00AM,106
6880,1851,3012,4002,5004,25,1/22/2022,5.30PM,106
6881,1614,3003,4001,5000,25,9/5/2022,6.00AM,103
6882,1537,3000,4002,5001,25,4/16/2022,9.30PM,106
6883,1348,3003,4001,5005,25,3/2/2022,8.00AM,105
6884,1159,3012,4001,5005,25,4/26/2022,10.00AM,205
6885,1339,3019,4002,5003,25,7/3/2022,1.00AM,203
6886,1189,3023,4000,5003,25,2/26/2022,1.30AM,101
6887,1094,3010,4000,5001,25,7/23/2022,8.00AM,204
6888,1634,3024,4002,5003,25,5/24/2022,10.30PM,202
6889,1515,3011,4001,5002,25,1/27/2022,11.30AM,106
6890,1280,3020,4002,5004,25,7/9/2022,3.00PM,202
6891,1016,3013,4000,5001,25,8/3/2022,4.00AM,105
6892,1235,3019,4001,5003,25,1/26/2022,10.30PM,101
6893,1515,3014,4000,5000,25,11/1/2022,2.00AM,103
6894,1353,3004,4002,5001,25,4/22/2022,2.00AM,202
6895,1170,3023,4001,5001,25,1/7/2022,8.30PM,201
6896,1407,3009,4001,5005,25,5/1/2022,10.30AM,201
6897,1102,3027,4001,5006,25,6/11/2022,5.30AM,204
6898,1055,3004,4000,5005,25,10/12/2022,7.00PM,203
6899,1145,3002,4001,5000,25,1/14/2022,1.30AM,105
6900,1693,3006,4002,5004,25,1/24/2022,1.30PM,102
6901,1082,3014,4001,5001,25,11/12/2022,4.00AM,106
6902,1220,3010,4002,5003,25,5/6/2022,7.30AM,105
6903,1903,3026,4001,5002,25,5/23/2022,9.00AM,106
6904,1347,3000,4002,5000,25,11/8/2022,1.00AM,105
6905,1056,3016,4000,5003,25,6/9/2022,7.30PM,103
6906,1733,3025,4002,5000,25,6/3/2022,8.30PM,202
6907,1809,3027,4002,5000,25,1/27/2022,8.00AM,103
6908,1095,3001,4001,5006,25,1/15/2022,7.30AM,205
6909,1528,3009,4001,5005,25,5/10/2022,11.00PM,101
6910,1151,3017,4000,5002,25,5/13/2022,5.30PM,102
6911,1859,3003,4001,5006,25,3/15/2022,2.30AM,204
6912,1148,3007,4001,5001,25,6/7/2022,3.30PM,201
6913,1369,3011,4002,5000,25,10/8/2022,2.00PM,101
6914,1508,3012,4000,5002,25,4/24/2022,10.00PM,202
6915,1324,3017,4000,5006,25,6/11/2022,4.30AM,105
6916,1183,3010,4002,5000,25,11/9/2022,3.00PM,202
6917,1700,3013,4002,5006,25,11/5/2022,4.30AM,101
6918,1437,3006,4001,5002,25,11/16/2022,5.00AM,102
6919,1686,3024,4000,5001,25,1/24/2022,2.30AM,201
6920,1092,3028,4001,5001,25,9/11/2022,7.00AM,105
6921,1491,3022,4002,5003,25,4/3/2022,6.30PM,102
6922,1255,3003,4001,5001,25,6/24/2022,7.00AM,103
6923,1225,3010,4000,5001,25,10/16/2022,9.30AM,205
6924,1799,3026,4001,5004,25,8/25/2022,9.30PM,201
6925,1293,3017,4002,5006,25,7/9/2022,4.30AM,106
6926,1552,3022,4000,5005,25,10/19/2022,3.30PM,104
6927,1530,3022,4002,5000,25,7/13/2022,6.30PM,202
6928,1359,3011,4002,5005,25,9/20/2022,9.30AM,203
6929,1564,3019,4002,5006,25,6/4/2022,2.00PM,204
6930,1714,3018,4002,5001,25,3/24/2022,6.30AM,102
6931,1640,3008,4002,5001,25,7/4/2022,8.30PM,101
6932,1325,3012,4001,5003,25,7/10/2022,7.00PM,103
6933,1645,3020,4002,5000,25,7/17/2022,8.00PM,205
6934,1327,3004,4001,5002,25,6/18/2022,6.00AM,102
6935,1262,3004,4000,5003,25,10/19/2022,6.00PM,102
6936,1077,3024,4001,5000,25,7/18/2022,8.00AM,203
6937,1732,3003,4002,5001,25,1/25/2022,1.00AM,106
6938,1187,3027,4002,5001,25,3/18/2022,4.30AM,102
6939,1612,3018,4002,5000,25,8/16/2022,5.30AM,103
6940,1985,3019,4000,5000,25,3/21/2022,7.00AM,104
6941,1443,3017,4001,5001,25,1/8/2022,2.00PM,202
6942,1642,3025,4002,5000,25,9/26/2022,11.00PM,105
6943,1203,3015,4000,5002,25,9/15/2022,9.30AM,103
6944,1849,3005,4000,5006,25,5/24/2022,8.30AM,204
6945,1882,3002,4000,5003,25,10/21/2022,6.30AM,201
6946,1327,3005,4002,5004,25,9/4/2022,3.30AM,104
6947,1314,3011,4000,5003,25,4/27/2022,3.30AM,105
6948,1246,3013,4000,5003,25,1/2/2022,8.30AM,103
6949,1169,3026,4000,5003,25,3/4/2022,6.00AM,104
6950,1108,3017,4001,5004,25,4/15/2022,6.00PM,202
6951,1036,3000,4000,5005,25,7/17/2022,8.30PM,106
6952,1831,3001,4001,5005,25,7/18/2022,6.30PM,101
6953,1876,3016,4000,5002,25,9/8/2022,11.00PM,102
6954,1961,3015,4001,5001,25,9/6/2022,9.00AM,103
6955,1521,3005,4002,5003,25,8/7/2022,3.30PM,105
6956,1345,3012,4000,5002,25,1/1/2022,11.30PM,201
6957,1988,3027,4000,5001,25,3/11/2022,9.30AM,205
6958,1087,3007,4001,5002,25,7/19/2022,4.00AM,105
6959,1794,3021,4002,5005,25,11/17/2022,2.00PM,105
6960,1627,3010,4000,5003,25,3/6/2022,8.30PM,101
6961,1420,3025,4001,5004,25,6/8/2022,6.00AM,101
6962,1513,3003,4002,5003,25,1/5/2022,2.30AM,201
6963,1612,3013,4002,5004,25,8/1/2022,9.30AM,106
6964,1432,3017,4001,5005,25,4/11/2022,1.30PM,101
6965,1595,3028,4002,5006,25,7/1/2022,4.00AM,201
6966,1182,3027,4002,5006,25,9/27/2022,2.00AM,104
6967,1419,3017,4000,5004,25,3/9/2022,9.00AM,201
6968,1197,3011,4001,5003,25,8/2/2022,9.30AM,101
6969,1781,3022,4001,5005,25,7/26/2022,4.00PM,205
6970,1032,3020,4000,5006,25,1/13/2022,2.30AM,203
6971,1920,3022,4000,5000,25,5/18/2022,4.30PM,104
6972,1493,3018,4002,5000,25,2/12/2022,5.00AM,103
6973,1417,3026,4002,5003,25,8/11/2022,1.30PM,205
6974,1596,3002,4001,5002,25,8/20/2022,8.00AM,103
6975,1716,3009,4002,5005,25,1/13/2022,3.00PM,105
6976,1214,3026,4000,5004,25,9/7/2022,8.30PM,201
6977,1433,3010,4000,5002,25,4/2/2022,1.30AM,103
6978,1073,3000,4002,5005,25,4/17/2022,1.00AM,201
6979,1409,3021,4002,5004,25,9/11/2022,3.00PM,103
6980,1502,3026,4000,5006,25,8/14/2022,4.00PM,201
6981,1025,3016,4000,5002,25,9/4/2022,5.30PM,102
6982,1298,3001,4000,5000,25,5/25/2022,4.30PM,202
6983,1803,3024,4002,5005,25,1/5/2022,4.00AM,201
6984,1660,3003,4001,5006,25,1/9/2022,5.30PM,205
6985,1216,3011,4001,5000,25,8/13/2022,5.00AM,103
6986,1946,3008,4002,5001,25,5/25/2022,9.00PM,201
6987,1573,3012,4000,5005,25,8/20/2022,8.30AM,202
6988,1026,3011,4001,5003,25,5/16/2022,5.00AM,103
6989,1757,3007,4000,5005,25,3/4/2022,1.30PM,105
6990,1656,3009,4001,5005,25,6/17/2022,7.00PM,203
6991,1503,3000,4000,5002,25,7/21/2022,6.00AM,204
6992,1693,3013,4001,5002,25,11/2/2022,8.30PM,105
6993,1895,3018,4000,5006,25,1/23/2022,11.00PM,204
6994,1313,3025,4002,5002,25,8/2/2022,1.30AM,103
6995,1585,3013,4002,5002,25,9/14/2022,8.00AM,201
6996,1456,3011,4001,5001,25,8/15/2022,6.30AM,202
6997,1582,3017,4002,5005,25,8/1/2022,9.30AM,201
6998,1387,3020,4000,5006,25,6/16/2022,2.30PM,201
6999,1030,3010,4000,5000,25,9/27/2022,9.00AM,106
