1000,James,Smith,9688954546,8001,4/25/2020
1001,Mary,Smith,5116414479,8002,5/14/2020
1002,Robert,Smith,2814412360,8003,9/25/2020
1003,Patricia,Smith,2777175054,8004,7/10/2020
1004,John,Smith,8282615747,8005,10/20/2020
1005,Jennifer,Smith,7701368661,8001,3/1/2020
1006,Michael,Smith,7255914680,8002,8/21/2020
1007,Linda,Smith,4454267421,8003,4/26/2020
1008,William,Smith,8481148336,8004,1/2/2020
1009,Elizabeth,Smith,8853895630,8005,4/8/2020
1010,Rami,Smith,9121312071,8001,7/27/2020
1011,Oliver,Smith,4672269976,8002,1/24/2020
1012,Kiera,Smith,4674230431,8003,3/24/2020
1013,Marlon,Smith,6578819130,8004,6/8/2020
1014,Eliot,Smith,8285974415,8005,2/12/2020
1015,Andrea,Smith,7174693880,8001,6/16/2020
1016,Brooks,Smith,6254553034,8002,8/6/2020
1017,Federico,Smith,2355060959,8003,6/3/2020
1018,Connor,Smith,6016479730,8004,11/6/2020
1019,Angel,Smith,4475421153,8005,1/13/2020
1020,Isabella,Smith,2882951959,8001,3/6/2020
1021,Deborah,Smith,5552843066,8002,10/2/2020
1022,Daniella,Smith,8086266777,8003,3/10/2020
1023,Walden,Smith,2393138656,8004,8/13/2020
1024,Vanessa,Smith,3126475229,8005,6/10/2020
1025,Pearl,Smith,5819135114,8001,10/5/2020
1026,Jacob,Smith,3365107298,8002,2/10/2020
1027,Jeremy,Smith,5765236480,8003,11/2/2020
1028,Chris,Smith,5021457127,8004,9/7/2020
1029,James,Johnson,8042923406,8005,11/5/2020
1030,Mary,Johnson,3402254942,8001,9/18/2020
1031,James,Johnson,7523753236,8002,9/18/2020
1032,Mary,Johnson,4398844612,8003,6/22/2020
1033,Robert,Johnson,5600836813,8004,8/26/2020
1034,Patricia,Johnson,1712261020,8005,3/2/2020
1035,John,Johnson,1239106978,8001,2/7/2020
1036,Jennifer,Johnson,9199073426,8002,10/9/2020
1037,Michael,Johnson,3035171346,8003,4/21/2020
1038,Linda,Johnson,4942805490,8004,8/27/2020
1039,William,Johnson,2732823525,8005,6/7/2020
1040,Elizabeth,Johnson,3423627566,8001,4/17/2020
1041,Rami,Johnson,2662715392,8002,1/19/2020
1042,Oliver,Johnson,3563574211,8003,1/3/2020
1043,Kiera,Johnson,5948596689,8004,4/20/2020
1044,Marlon,Johnson,8188140878,8005,9/18/2020
1045,Eliot,Johnson,6926235231,8001,10/22/2020
1046,Andrea,Johnson,2642403175,8002,8/7/2020
1047,Brooks,Johnson,4344312456,8003,8/26/2020
1048,Federico,Johnson,5456197215,8004,2/12/2020
1049,Connor,Johnson,5723012681,8005,3/11/2020
1050,Angel,Johnson,4491041955,8001,11/26/2020
1051,Isabella,Johnson,5156270000,8002,11/27/2020
1052,Deborah,Johnson,2405444605,8003,1/2/2020
1053,Daniella,Johnson,6062906993,8004,11/16/2020
1054,Walden,Johnson,3596324925,8005,8/15/2020
1055,Vanessa,Johnson,1149800157,8001,1/14/2020
1056,Pearl,Johnson,8451392852,8002,7/9/2020
1057,Jacob,Johnson,7427465273,8003,10/24/2020
1058,Jeremy,Johnson,8689978492,8004,1/6/2020
1059,Chris,Johnson,3118547409,8005,7/10/2020
1060,James,Williams,2266461822,8001,11/13/2020
1061,Mary,Williams,8978170879,8002,10/10/2020
1062,James,Williams,7774000988,8003,5/22/2020
1063,Mary,Williams,7435343258,8004,3/1/2020
1064,Robert,Williams,8596229048,8005,9/1/2020
1065,Patricia,Williams,3105313851,8001,7/25/2020
1066,John,Williams,7588984959,8002,8/8/2020
1067,Jennifer,Williams,1322871234,8003,3/19/2020
1068,Michael,Williams,7634573193,8004,7/27/2020
1069,Linda,Williams,7108231019,8005,5/12/2020
1070,William,Williams,5867208895,8001,1/25/2020
1071,Elizabeth,Williams,7595696879,8002,2/13/2020
1072,Rami,Williams,5844745890,8003,11/22/2020
1073,Oliver,Williams,6646112056,8004,3/17/2020
1074,Kiera,Williams,5267213205,8005,7/6/2020
1075,Marlon,Williams,6601448734,8001,7/20/2020
1076,Eliot,Williams,2114512227,8002,11/4/2020
1077,Andrea,Williams,8897865222,8003,2/12/2020
1078,Brooks,Williams,8487251876,8004,8/10/2020
1079,Federico,Williams,8038670409,8005,4/21/2020
1080,Connor,Williams,2944674842,8001,3/26/2020
1081,Angel,Williams,4340380925,8002,6/23/2020
1082,Isabella,Williams,2948552388,8003,1/18/2020
1083,Deborah,Williams,2950999550,8004,9/21/2020
1084,Daniella,Williams,1769694885,8005,5/11/2020
1085,Walden,Williams,9342028842,8001,2/4/2020
1086,Vanessa,Williams,4469597135,8002,2/7/2020
1087,Pearl,Williams,3758223764,8003,10/12/2020
1088,Jacob,Williams,9855662102,8004,11/6/2020
1089,Jeremy,Williams,8216377607,8005,2/27/2020
1090,Chris,Williams,1668467354,8001,4/22/2020
1091,James,Brown,2375375416,8002,3/13/2020
1092,Mary,Brown,2290703062,8003,9/11/2020
1093,James,Brown,2393932986,8004,11/21/2020
1094,Mary,Brown,5327723751,8005,6/26/2020
1095,Robert,Brown,4372489370,8001,9/17/2020
1096,Patricia,Brown,8202619941,8002,11/22/2020
1097,John,Brown,9871485046,8003,1/17/2020
1098,Jennifer,Brown,7361501726,8004,7/24/2020
1099,Michael,Brown,3395288305,8005,5/4/2020
1100,Linda,Brown,1738316969,8001,2/14/2020
1101,William,Brown,2037321991,8002,4/21/2020
1102,Elizabeth,Brown,5047206843,8003,9/5/2020
1103,Rami,Brown,8688471139,8004,11/12/2020
1104,Oliver,Brown,5725015953,8005,4/2/2020
1105,Kiera,Brown,5815900941,8001,9/25/2020
1106,Marlon,Brown,6102745773,8002,5/15/2020
1107,Eliot,Brown,2642110967,8003,9/23/2020
1108,Andrea,Brown,1726421040,8004,4/8/2020
1109,Brooks,Brown,4717359834,8005,4/16/2020
1110,Federico,Brown,8083097655,8001,8/18/2020
1111,Connor,Brown,2504903162,8002,3/12/2020
1112,Angel,Brown,4240241303,8003,3/10/2020
1113,Isabella,Brown,5084815317,8004,9/25/2020
1114,Deborah,Brown,6280148566,8005,8/17/2020
1115,Daniella,Brown,5440449788,8001,7/12/2020
1116,Walden,Brown,5089757120,8002,6/2/2020
1117,Vanessa,Brown,5509594099,8003,3/24/2020
1118,Pearl,Brown,7347410525,8004,3/4/2020
1119,Jacob,Brown,2693277651,8005,10/25/2020
1120,Jeremy,Brown,3727635202,8001,8/6/2020
1121,Chris,Brown,9850715539,8002,3/3/2020
1122,James,Jones,9755646189,8003,6/14/2020
1123,Mary,Jones,9534904588,8004,2/6/2020
1124,James,Jones,1563763084,8005,11/18/2020
1125,Mary,Jones,7566772987,8001,3/1/2020
1126,Robert,Jones,9210087394,8002,10/12/2020
1127,Patricia,Jones,1213692509,8003,7/12/2020
1128,John,Jones,2598408942,8004,2/12/2020
1129,Jennifer,Jones,9486483341,8005,2/26/2020
1130,Michael,Jones,6753026667,8001,1/18/2020
1131,Linda,Jones,2179270336,8002,3/6/2020
1132,William,Jones,6416548176,8003,10/20/2020
1133,Elizabeth,Jones,8906906496,8004,4/20/2020
1134,Rami,Jones,3447131956,8005,7/23/2020
1135,Oliver,Jones,3640159379,8001,1/5/2020
1136,Kiera,Jones,9907791665,8002,5/13/2020
1137,Marlon,Jones,1324618295,8003,7/13/2020
1138,Eliot,Jones,2826586725,8004,4/4/2020
1139,Andrea,Jones,4837070208,8005,1/24/2020
1140,Brooks,Jones,6500018377,8001,3/7/2020
1141,Federico,Jones,5759360548,8002,1/3/2020
1142,Connor,Jones,1788667956,8003,1/24/2020
1143,Angel,Jones,2604428361,8004,4/14/2020
1144,Isabella,Jones,8401858880,8005,5/8/2020
1145,Deborah,Jones,1432047787,8001,6/12/2020
1146,Daniella,Jones,1267747289,8002,7/17/2020
1147,Walden,Jones,8796524909,8003,5/25/2020
1148,Vanessa,Jones,9721074479,8004,10/15/2020
1149,Pearl,Jones,6540822958,8005,8/5/2020
1150,Jacob,Jones,3118481350,8001,3/4/2020
1151,Jeremy,Jones,6951477193,8002,10/18/2020
1152,Chris,Jones,9800554642,8003,3/16/2020
1153,James,Garcia,7817526273,8004,3/5/2020
1154,Mary,Garcia,2919613420,8005,10/20/2020
1155,James,Garcia,8346790580,8001,9/26/2020
1156,Mary,Garcia,2287504049,8002,2/18/2020
1157,Robert,Garcia,9838296619,8003,5/2/2020
1158,Patricia,Garcia,9771752738,8004,3/15/2020
1159,John,Garcia,6689415597,8005,1/17/2020
1160,Jennifer,Garcia,1301259180,8001,3/18/2020
1161,Michael,Garcia,3017251885,8002,4/22/2020
1162,Linda,Garcia,9784019109,8003,6/7/2020
1163,William,Garcia,5693978873,8004,5/4/2020
1164,Elizabeth,Garcia,8138925783,8005,10/20/2020
1165,Rami,Garcia,9891819311,8001,4/13/2020
1166,Oliver,Garcia,4826642807,8002,10/7/2020
1167,Kiera,Garcia,1915895982,8003,4/7/2020
1168,Marlon,Garcia,3354314840,8004,8/26/2020
1169,Eliot,Garcia,9044011410,8005,4/13/2020
1170,Andrea,Garcia,9008608536,8001,10/6/2020
1171,Brooks,Garcia,6004281664,8002,9/20/2020
1172,Federico,Garcia,3117227264,8003,4/11/2020
1173,Connor,Garcia,2050347029,8004,5/23/2020
1174,Angel,Garcia,7468857496,8005,7/7/2020
1175,Isabella,Garcia,1149390780,8001,5/5/2020
1176,Deborah,Garcia,8297223956,8002,3/13/2020
1177,Daniella,Garcia,1349307083,8003,11/7/2020
1178,Walden,Garcia,1787910461,8004,5/27/2020
1179,Vanessa,Garcia,2482166858,8005,9/10/2020
1180,Pearl,Garcia,2045263143,8001,2/25/2020
1181,Jacob,Garcia,6265969494,8002,1/9/2020
1182,Jeremy,Garcia,4033578945,8003,4/10/2020
1183,Chris,Garcia,1732558118,8004,9/24/2020
1184,James,Miller,1318558083,8005,10/25/2020
1185,Mary,Miller,2798776709,8001,9/25/2020
1186,James,Miller,5410430411,8002,3/1/2020
1187,Mary,Miller,9904275949,8003,3/10/2020
1188,Robert,Miller,5275358959,8004,8/14/2020
1189,Patricia,Miller,6711226316,8005,3/22/2020
1190,John,Miller,6378723632,8001,1/11/2020
1191,Jennifer,Miller,7607943653,8002,9/2/2020
1192,Michael,Miller,5602191626,8003,2/20/2020
1193,Linda,Miller,3490661091,8004,4/5/2020
1194,William,Miller,7172832135,8005,11/4/2020
1195,Elizabeth,Miller,9555216804,8001,2/11/2020
1196,Rami,Miller,3942353403,8002,11/27/2020
1197,Oliver,Miller,7885474751,8003,2/15/2020
1198,Kiera,Miller,3172965681,8004,3/4/2020
1199,Marlon,Miller,3205227096,8005,10/21/2020
1200,Eliot,Miller,2295860229,8001,7/17/2020
1201,Andrea,Miller,3888898021,8002,6/13/2020
1202,Brooks,Miller,9185018717,8003,5/24/2020
1203,Federico,Miller,3111739963,8004,7/7/2020
1204,Connor,Miller,8519844317,8005,7/14/2020
1205,Angel,Miller,7506348772,8001,3/24/2020
1206,Isabella,Miller,6117709993,8002,4/20/2020
1207,Deborah,Miller,8788713076,8003,2/5/2020
1208,Daniella,Miller,2218366106,8004,3/6/2020
1209,Walden,Miller,1466972609,8005,10/27/2020
1210,Vanessa,Miller,8388533128,8001,6/9/2020
1211,Pearl,Miller,7368783574,8002,7/14/2020
1212,Jacob,Miller,7375420462,8003,5/13/2020
1213,Jeremy,Miller,5017972055,8004,9/11/2020
1214,Chris,Miller,6597525810,8005,9/23/2020
1215,James,Davis,4623399597,8001,5/8/2020
1216,Mary,Davis,3929966263,8002,8/3/2020
1217,James,Davis,5454527001,8003,8/25/2020
1218,Mary,Davis,3703100885,8004,2/8/2020
1219,Robert,Davis,4031771105,8005,11/16/2020
1220,Patricia,Davis,3619199304,8001,7/11/2020
1221,John,Davis,3574364959,8002,3/22/2020
1222,Jennifer,Davis,6956636637,8003,9/8/2020
1223,Michael,Davis,9644965515,8004,3/23/2020
1224,Linda,Davis,9624347730,8005,1/20/2020
1225,William,Davis,3992742163,8001,3/22/2020
1226,Elizabeth,Davis,1481580148,8002,9/2/2020
1227,Rami,Davis,5369358880,8003,5/2/2020
1228,Oliver,Davis,4459038926,8004,10/11/2020
1229,Kiera,Davis,8213654529,8005,6/6/2020
1230,Marlon,Davis,4199576396,8001,10/20/2020
1231,Eliot,Davis,8361514557,8002,8/8/2020
1232,Andrea,Davis,1567285108,8003,2/26/2020
1233,Brooks,Davis,8739894841,8004,9/1/2020
1234,Federico,Davis,9229313571,8005,6/26/2020
1235,Connor,Davis,5740136126,8001,5/16/2020
1236,Angel,Davis,8048789960,8002,10/11/2020
1237,Isabella,Davis,9004418619,8003,3/7/2020
1238,Deborah,Davis,4809892456,8004,2/18/2020
1239,Daniella,Davis,8607209925,8005,9/18/2020
1240,Walden,Davis,9700054073,8001,6/23/2020
1241,Vanessa,Davis,8188031180,8002,4/5/2020
1242,Pearl,Davis,3626152300,8003,11/11/2020
1243,Jacob,Davis,4545629783,8004,7/26/2020
1244,Jeremy,Davis,7560589607,8005,9/25/2020
1245,Chris,Davis,4428180208,8001,5/22/2020
1246,James,Rodriguez,1644889820,8002,9/22/2020
1247,Mary,Rodriguez,9361820002,8003,8/7/2020
1248,James,Rodriguez,9893617386,8004,4/13/2020
1249,Mary,Rodriguez,2423531200,8005,3/10/2020
1250,Robert,Rodriguez,7486223647,8001,10/4/2020
1251,Patricia,Rodriguez,6719471847,8002,1/26/2020
1252,John,Rodriguez,4920405480,8003,9/8/2020
1253,Jennifer,Rodriguez,7618917114,8004,11/1/2020
1254,Michael,Rodriguez,2543221846,8005,4/6/2020
1255,Linda,Rodriguez,9248771081,8001,11/22/2020
1256,William,Rodriguez,3356502977,8002,8/1/2020
1257,Elizabeth,Rodriguez,9481903655,8003,7/21/2020
1258,Rami,Rodriguez,5661410243,8004,1/2/2020
1259,Oliver,Rodriguez,7872868059,8005,10/6/2020
1260,Kiera,Rodriguez,2738246127,8001,9/10/2020
1261,Marlon,Rodriguez,3863778245,8002,7/17/2020
1262,Eliot,Rodriguez,2857886653,8003,6/2/2020
1263,Andrea,Rodriguez,2641880784,8004,11/27/2020
1264,Brooks,Rodriguez,1760321351,8005,4/5/2020
1265,Federico,Rodriguez,9499701949,8001,3/26/2020
1266,Connor,Rodriguez,6122538302,8002,9/2/2020
1267,Angel,Rodriguez,9182521894,8003,10/20/2020
1268,Isabella,Rodriguez,7461006990,8004,9/6/2020
1269,Deborah,Rodriguez,7120429197,8005,8/4/2020
1270,Daniella,Rodriguez,9922843118,8001,4/9/2020
1271,Walden,Rodriguez,3616960521,8002,1/23/2020
1272,Vanessa,Rodriguez,1573523927,8003,1/11/2020
1273,Pearl,Rodriguez,1781093781,8004,8/18/2020
1274,Jacob,Rodriguez,2417686658,8005,5/21/2020
1275,Jeremy,Rodriguez,8687965760,8001,6/3/2020
1276,Chris,Rodriguez,3803720378,8002,10/23/2020
1277,James,Martinez,6236985233,8003,7/2/2020
1278,Mary,Martinez,2484851723,8004,10/5/2020
1279,James,Martinez,6119165298,8005,10/21/2020
1280,Mary,Martinez,8089604380,8001,3/3/2020
1281,Robert,Martinez,1352890579,8002,11/3/2020
1282,Patricia,Martinez,7294953770,8003,8/17/2020
1283,John,Martinez,8041273516,8004,8/10/2020
1284,Jennifer,Martinez,6780345267,8005,2/25/2020
1285,Michael,Martinez,5886684210,8001,8/6/2020
1286,Linda,Martinez,5380041814,8002,1/23/2020
1287,William,Martinez,1823105775,8003,1/4/2020
1288,Elizabeth,Martinez,3099337741,8004,2/15/2020
1289,Rami,Martinez,8135603833,8005,4/27/2020
1290,Oliver,Martinez,1270402721,8001,4/2/2020
1291,Kiera,Martinez,2198915835,8002,1/8/2020
1292,Marlon,Martinez,1710822784,8003,3/15/2020
1293,Eliot,Martinez,1188725280,8004,2/25/2020
1294,Andrea,Martinez,4852361670,8005,8/8/2020
1295,Brooks,Martinez,7110317608,8001,2/1/2020
1296,Federico,Martinez,9112256032,8002,1/2/2020
1297,Connor,Martinez,3047105847,8003,11/14/2020
1298,Angel,Martinez,8403695519,8004,1/5/2020
1299,Isabella,Martinez,4347843489,8005,7/10/2020
1300,Deborah,Martinez,2552121129,8001,8/14/2020
1301,Daniella,Martinez,3078639717,8002,3/15/2020
1302,Walden,Martinez,8897265102,8003,2/16/2020
1303,Vanessa,Martinez,2177384953,8004,5/1/2020
1304,Pearl,Martinez,4571185394,8005,6/23/2020
1305,Jacob,Martinez,7760248972,8001,4/6/2020
1306,Jeremy,Martinez,6469196840,8002,7/5/2020
1307,Chris,Martinez,9747310202,8003,10/6/2020
1308,James,Malek,6479260440,8004,2/9/2020
1309,Mary,Malek,7657826265,8005,4/13/2020
1310,James,Malek,4734373396,8001,5/3/2020
1311,Mary,Malek,6106542148,8002,2/12/2020
1312,Robert,Malek,1895347609,8003,8/4/2020
1313,Patricia,Malek,2282343829,8004,10/22/2020
1314,John,Malek,7524649483,8005,5/18/2020
1315,Jennifer,Malek,3946059983,8001,2/24/2020
1316,Michael,Malek,1833036405,8002,2/18/2020
1317,Linda,Malek,8351367634,8003,5/7/2020
1318,William,Malek,3695841156,8004,8/4/2020
1319,Elizabeth,Malek,3334590112,8005,10/2/2020
1320,Rami,Malek,9999479449,8001,3/23/2020
1321,Oliver,Malek,7441193270,8002,5/15/2020
1322,Kiera,Malek,8059932026,8003,4/15/2020
1323,Marlon,Malek,5838672912,8004,8/10/2020
1324,Eliot,Malek,9822462292,8005,4/16/2020
1325,Andrea,Malek,9992968798,8001,7/7/2020
1326,Brooks,Malek,7020484518,8002,2/8/2020
1327,Federico,Malek,8725377019,8003,2/15/2020
1328,Connor,Malek,7154691197,8004,5/20/2020
1329,Angel,Malek,3028428984,8005,10/17/2020
1330,Isabella,Malek,2523379080,8001,8/8/2020
1331,Deborah,Malek,9904901832,8002,5/15/2020
1332,Daniella,Malek,3037865722,8003,8/5/2020
1333,Walden,Malek,5235257329,8004,10/27/2020
1334,Vanessa,Malek,9392954610,8005,1/19/2020
1335,Pearl,Malek,5599041906,8001,6/9/2020
1336,Jacob,Malek,5732571432,8002,1/10/2020
1337,Jeremy,Malek,6264921556,8003,9/12/2020
1338,Chris,Malek,4944214168,8004,10/11/2020
1339,James,Fernandes,4207659501,8005,7/19/2020
1340,Mary,Fernandes,3033913101,8001,4/7/2020
1341,James,Fernandes,3586939152,8002,10/4/2020
1342,Mary,Fernandes,6271371158,8003,10/6/2020
1343,Robert,Fernandes,4205712002,8004,3/4/2020
1344,Patricia,Fernandes,3689722860,8005,5/13/2020
1345,John,Fernandes,4059877516,8001,5/5/2020
1346,Jennifer,Fernandes,1409164506,8002,11/20/2020
1347,Michael,Fernandes,7914768052,8003,7/26/2020
1348,Linda,Fernandes,7335874200,8004,5/4/2020
1349,William,Fernandes,9039290553,8005,10/22/2020
1350,Elizabeth,Fernandes,2233232334,8001,1/16/2020
1351,Rami,Fernandes,9623975038,8002,9/19/2020
1352,Oliver,Fernandes,5097088315,8003,10/3/2020
1353,Kiera,Fernandes,3899122380,8004,7/22/2020
1354,Marlon,Fernandes,9605344617,8005,6/18/2020
1355,Eliot,Fernandes,5799318124,8001,9/14/2020
1356,Andrea,Fernandes,6528345469,8002,1/14/2020
1357,Brooks,Fernandes,2094034162,8003,4/4/2020
1358,Federico,Fernandes,3373760416,8004,6/22/2020
1359,Connor,Fernandes,1251554425,8005,8/21/2020
1360,Angel,Fernandes,4378907770,8001,1/27/2020
1361,Isabella,Fernandes,8417876466,8002,6/27/2020
1362,Deborah,Fernandes,1376712230,8003,5/16/2020
1363,Daniella,Fernandes,4138566151,8004,2/11/2020
1364,Walden,Fernandes,3374449734,8005,6/23/2020
1365,Vanessa,Fernandes,6173444654,8001,8/6/2020
1366,Pearl,Fernandes,1635758864,8002,4/4/2020
1367,Jacob,Fernandes,9486104220,8003,2/20/2020
1368,Jeremy,Fernandes,5578286705,8004,10/11/2020
1369,Chris,Fernandes,1410482621,8005,9/2/2020
1370,James,Francis,3681994620,8001,3/10/2020
1371,Mary,Francis,8439903952,8002,6/13/2020
1372,James,Francis,3044438834,8003,2/17/2020
1373,Mary,Francis,3099665665,8004,6/17/2020
1374,Robert,Francis,5849746929,8005,11/2/2020
1375,Patricia,Francis,1650112689,8001,5/4/2020
1376,John,Francis,5969637865,8002,6/25/2020
1377,Jennifer,Francis,1800141489,8003,11/14/2020
1378,Michael,Francis,7046908633,8004,8/17/2020
1379,Linda,Francis,4602050714,8005,1/13/2020
1380,William,Francis,5054058891,8001,10/16/2020
1381,Elizabeth,Francis,5782573536,8002,9/3/2020
1382,Rami,Francis,1663072042,8003,3/14/2020
1383,Oliver,Francis,8564871142,8004,1/17/2020
1384,Kiera,Francis,7841889033,8005,10/3/2020
1385,Marlon,Francis,4132617667,8001,8/14/2020
1386,Eliot,Francis,6179672719,8002,8/10/2020
1387,Andrea,Francis,7803007499,8003,5/25/2020
1388,Brooks,Francis,9969520387,8004,7/10/2020
1389,Federico,Francis,7292082109,8005,11/7/2020
1390,Connor,Francis,9099598090,8001,6/8/2020
1391,Angel,Francis,9746692358,8002,5/25/2020
1392,Isabella,Francis,1476869994,8003,3/1/2020
1393,Deborah,Francis,3634252916,8004,4/6/2020
1394,Daniella,Francis,4802857855,8005,1/14/2020
1395,Walden,Francis,3397831830,8001,11/24/2020
1396,Vanessa,Francis,4306829843,8002,1/12/2020
1397,Pearl,Francis,2519290561,8003,11/14/2020
1398,Jacob,Francis,3922364726,8004,11/8/2020
1399,Jeremy,Francis,3725813265,8005,11/4/2020
1400,Chris,Francis,9993394529,8001,9/27/2020
1401,James,Howell,2771539584,8002,4/22/2020
1402,Mary,Howell,4946091245,8003,9/21/2020
1403,James,Howell,6342811577,8004,5/15/2020
1404,Mary,Howell,1687296113,8005,1/24/2020
1405,Robert,Howell,8450425529,8001,1/6/2020
1406,Patricia,Howell,1769157725,8002,7/18/2020
1407,John,Howell,1122048397,8003,3/20/2020
1408,Jennifer,Howell,5466223235,8004,4/19/2020
1409,Michael,Howell,6340710951,8005,5/26/2020
1410,Linda,Howell,9972794617,8001,5/19/2020
1411,William,Howell,8204443436,8002,7/5/2020
1412,Elizabeth,Howell,6023293871,8003,7/5/2020
1413,Rami,Howell,9506834329,8004,3/13/2020
1414,Oliver,Howell,9050561336,8005,2/14/2020
1415,Kiera,Howell,7188934276,8001,7/12/2020
1416,Marlon,Howell,2237330648,8002,1/11/2020
1417,Eliot,Howell,7368784532,8003,6/2/2020
1418,Andrea,Howell,5431880551,8004,2/27/2020
1419,Brooks,Howell,3747017039,8005,11/1/2020
1420,Federico,Howell,1245099445,8001,8/7/2020
1421,Connor,Howell,1380449305,8002,8/3/2020
1422,Angel,Howell,7948222278,8003,9/27/2020
1423,Isabella,Howell,5717312734,8004,3/4/2020
1424,Deborah,Howell,8887449029,8005,2/22/2020
1425,Daniella,Howell,3492909302,8001,2/3/2020
1426,Walden,Howell,7813319563,8002,1/11/2020
1427,Vanessa,Howell,7338090068,8003,8/25/2020
1428,Pearl,Howell,9902375755,8004,3/20/2020
1429,Jacob,Howell,2209369578,8005,2/11/2020
1430,Jeremy,Howell,7263876505,8001,8/27/2020
1431,Chris,Howell,8672981837,8002,7/15/2020
1432,James,Pinto,4425413214,8003,5/15/2020
1433,Mary,Pinto,7234297223,8004,6/12/2020
1434,James,Pinto,5547643952,8005,5/9/2020
1435,Mary,Pinto,3181704586,8001,2/3/2020
1436,Robert,Pinto,3851633582,8002,9/19/2020
1437,Patricia,Pinto,4591954241,8003,2/17/2020
1438,John,Pinto,8736189733,8004,8/15/2020
1439,Jennifer,Pinto,9624805558,8005,10/22/2020
1440,Michael,Pinto,5159310837,8001,10/2/2020
1441,Linda,Pinto,6863063041,8002,6/15/2020
1442,William,Pinto,8382864765,8003,10/17/2020
1443,Elizabeth,Pinto,3955075162,8004,3/15/2020
1444,Rami,Pinto,3495014069,8005,6/20/2020
1445,Oliver,Pinto,9735310474,8001,10/22/2020
1446,Kiera,Pinto,4809471678,8002,4/3/2020
1447,Marlon,Pinto,4208747494,8003,9/16/2020
1448,Eliot,Pinto,1370232857,8004,6/23/2020
1449,Andrea,Pinto,5332187908,8005,1/9/2020
1450,Brooks,Pinto,9706122661,8001,9/10/2020
1451,Federico,Pinto,5071543766,8002,3/14/2020
1452,Connor,Pinto,3906707877,8003,6/22/2020
1453,Angel,Pinto,9973930545,8004,4/20/2020
1454,Isabella,Pinto,6716155873,8005,1/18/2020
1455,Deborah,Pinto,3223022633,8001,9/7/2020
1456,Daniella,Pinto,7173659638,8002,5/17/2020
1457,Walden,Pinto,1380472478,8003,11/14/2020
1458,Vanessa,Pinto,8635402975,8004,10/24/2020
1459,Pearl,Pinto,3623399647,8005,8/10/2020
1460,Jacob,Pinto,8169005685,8001,11/6/2020
1461,Jeremy,Pinto,3965300489,8002,8/2/2020
1462,Chris,Pinto,5755892807,8003,2/18/2020
1463,James,Estelle,5796868777,8004,4/3/2020
1464,Mary,Estelle,5422587474,8005,3/12/2020
1465,James,Estelle,7750077558,8001,9/11/2020
1466,Mary,Estelle,7552749886,8002,6/17/2020
1467,Robert,Estelle,1487127426,8003,6/17/2020
1468,Patricia,Estelle,5684701462,8004,1/23/2020
1469,John,Estelle,5446103472,8005,2/16/2020
1470,Jennifer,Estelle,1750372537,8001,1/2/2020
1471,Michael,Estelle,7981736813,8002,8/5/2020
1472,Linda,Estelle,2879920050,8003,5/3/2020
1473,William,Estelle,4280144213,8004,2/14/2020
1474,Elizabeth,Estelle,8139998129,8005,4/8/2020
1475,Rami,Estelle,7601003355,8001,5/22/2020
1476,Oliver,Estelle,9579584130,8002,9/7/2020
1477,Kiera,Estelle,9712037268,8003,9/9/2020
1478,Marlon,Estelle,1389593345,8004,4/15/2020
1479,Eliot,Estelle,5171913111,8005,11/22/2020
1480,Andrea,Estelle,9710910527,8001,1/11/2020
1481,Brooks,Estelle,1543407074,8002,10/4/2020
1482,Federico,Estelle,8950760331,8003,9/14/2020
1483,Connor,Estelle,7448320049,8004,7/3/2020
1484,Angel,Estelle,7384952193,8005,2/23/2020
1485,Isabella,Estelle,5712307894,8001,3/2/2020
1486,Deborah,Estelle,6845530239,8002,9/7/2020
1487,Daniella,Estelle,8026287986,8003,6/10/2020
1488,Walden,Estelle,9724714522,8004,8/27/2020
1489,Vanessa,Estelle,2993360787,8005,6/10/2020
1490,Pearl,Estelle,9712158878,8001,9/24/2020
1491,Jacob,Estelle,8696962577,8002,11/24/2020
1492,Jeremy,Estelle,4386048146,8003,2/17/2020
1493,Chris,Estelle,1923747510,8004,6/25/2020
1494,James,Osborne,8368726779,8005,8/23/2020
1495,Mary,Osborne,2777976862,8001,1/16/2020
1496,James,Osborne,9461639802,8002,1/4/2020
1497,Mary,Osborne,2582384115,8003,10/23/2020
1498,Robert,Osborne,2902323335,8004,1/27/2020
1499,Patricia,Osborne,8673858100,8005,1/21/2020
1500,John,Osborne,2034914325,8001,3/16/2020
1501,Jennifer,Osborne,8616059937,8002,1/7/2020
1502,Michael,Osborne,4272449534,8003,4/12/2020
1503,Linda,Osborne,6694164209,8004,10/18/2020
1504,William,Osborne,4799357109,8005,5/18/2020
1505,Elizabeth,Osborne,2580828555,8001,6/3/2020
1506,Rami,Osborne,7441684122,8002,10/8/2020
1507,Oliver,Osborne,5816813134,8003,11/18/2020
1508,Kiera,Osborne,1565236142,8004,6/2/2020
1509,Marlon,Osborne,2240367102,8005,1/4/2020
1510,Eliot,Osborne,2476614548,8001,11/3/2020
1511,Andrea,Osborne,3239499493,8002,1/3/2020
1512,Brooks,Osborne,4785248667,8003,11/27/2020
1513,Federico,Osborne,5369486121,8004,11/3/2020
1514,Connor,Osborne,1540772838,8005,10/25/2020
1515,Angel,Osborne,2080596330,8001,2/13/2020
1516,Isabella,Osborne,2650168569,8002,6/13/2020
1517,Deborah,Osborne,8776814151,8003,10/4/2020
1518,Daniella,Osborne,7005805542,8004,10/15/2020
1519,Walden,Osborne,4220804077,8005,7/11/2020
1520,Vanessa,Osborne,3442619431,8001,6/4/2020
1521,Pearl,Osborne,6478920571,8002,3/25/2020
1522,Jacob,Osborne,4344456287,8003,9/24/2020
1523,Jeremy,Osborne,9561532633,8004,2/20/2020
1524,Chris,Osborne,1249390161,8005,7/17/2020
1525,James,Ruth,7461564782,8001,6/6/2020
1526,Mary,Ruth,9483621122,8002,8/1/2020
1527,James,Ruth,7589683591,8003,7/10/2020
1528,Mary,Ruth,8189819199,8004,10/22/2020
1529,Robert,Ruth,1818589958,8005,2/23/2020
1530,Patricia,Ruth,8804501940,8001,10/1/2020
1531,John,Ruth,1294585009,8002,4/3/2020
1532,Jennifer,Ruth,3832934035,8003,7/23/2020
1533,Michael,Ruth,4615047797,8004,9/3/2020
1534,Linda,Ruth,3058594738,8005,8/23/2020
1535,William,Ruth,4167434983,8001,1/12/2020
1536,Elizabeth,Ruth,1804848781,8002,3/13/2020
1537,Rami,Ruth,9148562886,8003,8/13/2020
1538,Oliver,Ruth,9194600042,8004,11/24/2020
1539,Kiera,Ruth,7251517030,8005,1/23/2020
1540,Marlon,Ruth,6492402039,8001,8/13/2020
1541,Eliot,Ruth,7618075760,8002,11/14/2020
1542,Andrea,Ruth,7366982266,8003,11/8/2020
1543,Brooks,Ruth,7597919294,8004,2/12/2020
1544,Federico,Ruth,3373624394,8005,9/21/2020
1545,Connor,Ruth,2684506496,8001,8/1/2020
1546,Angel,Ruth,2635660917,8002,1/4/2020
1547,Isabella,Ruth,7133846364,8003,1/3/2020
1548,Deborah,Ruth,5227567814,8004,4/24/2020
1549,Daniella,Ruth,5157061121,8005,6/10/2020
1550,Walden,Ruth,4141730799,8001,3/22/2020
1551,Vanessa,Ruth,9823977493,8002,7/26/2020
1552,Pearl,Ruth,2865715717,8003,1/2/2020
1553,Jacob,Ruth,3944756337,8004,11/1/2020
1554,Jeremy,Ruth,7539614998,8005,10/19/2020
1555,Chris,Ruth,5457956512,8001,9/23/2020
1556,James,Osborne,3133250508,8002,4/12/2020
1557,Mary,Osborne,6548724267,8003,1/23/2020
1558,James,Osborne,4092503709,8004,2/22/2020
1559,Mary,Osborne,7735887810,8005,1/19/2020
1560,Robert,Osborne,8785835415,8001,5/24/2020
1561,Patricia,Osborne,3582734308,8002,10/9/2020
1562,John,Osborne,5197619463,8003,2/1/2020
1563,Jennifer,Osborne,2453389299,8004,10/11/2020
1564,Michael,Osborne,8629554459,8005,5/22/2020
1565,Linda,Osborne,7632392569,8001,8/18/2020
1566,William,Osborne,1451400569,8002,6/1/2020
1567,Elizabeth,Osborne,3794727510,8003,8/17/2020
1568,Rami,Osborne,5714564970,8004,1/26/2020
1569,Oliver,Osborne,7109984534,8005,11/27/2020
1570,Kiera,Osborne,8601850276,8001,1/21/2020
1571,Marlon,Osborne,8191210232,8002,11/9/2020
1572,Eliot,Osborne,8519923675,8003,11/3/2020
1573,Andrea,Osborne,4957236987,8004,11/10/2020
1574,Brooks,Osborne,9117866469,8005,2/6/2020
1575,Federico,Osborne,2047401849,8001,7/7/2020
1576,Connor,Osborne,8092236555,8002,9/5/2020
1577,Angel,Osborne,3466357306,8003,9/17/2020
1578,Isabella,Osborne,8811862909,8004,4/19/2020
1579,Deborah,Osborne,2244237255,8005,9/24/2020
1580,Daniella,Osborne,3882695109,8001,9/11/2020
1581,Walden,Osborne,3949779644,8002,5/13/2020
1582,Vanessa,Osborne,2975729567,8003,9/24/2020
1583,Pearl,Osborne,8199678940,8004,8/5/2020
1584,Jacob,Osborne,5033653267,8005,3/24/2020
1585,Jeremy,Osborne,1331894127,8001,3/8/2020
1586,Chris,Osborne,8559406618,8002,11/10/2020
1587,James,Mallory,9304316136,8003,10/13/2020
1588,Mary,Mallory,9939517514,8004,9/24/2020
1589,James,Mallory,5137682573,8005,8/19/2020
1590,Mary,Mallory,9572114369,8001,2/19/2020
1591,Robert,Mallory,6412629352,8002,1/6/2020
1592,Patricia,Mallory,4765759724,8003,7/14/2020
1593,John,Mallory,2992705820,8004,9/16/2020
1594,Jennifer,Mallory,1337512548,8005,7/1/2020
1595,Michael,Mallory,4776048451,8001,11/10/2020
1596,Linda,Mallory,8504223259,8002,6/22/2020
1597,William,Mallory,7490061019,8003,8/3/2020
1598,Elizabeth,Mallory,5077068390,8004,1/3/2020
1599,Rami,Mallory,9223108032,8005,5/9/2020
1600,Oliver,Mallory,5791779590,8001,11/19/2020
1601,Kiera,Mallory,5263422978,8002,1/20/2020
1602,Marlon,Mallory,7237143364,8003,3/25/2020
1603,Eliot,Mallory,7357145061,8004,5/19/2020
1604,Andrea,Mallory,2437365852,8005,7/27/2020
1605,Brooks,Mallory,8151736468,8001,6/5/2020
1606,Federico,Mallory,6902223611,8002,10/18/2020
1607,Connor,Mallory,3322233390,8003,8/15/2020
1608,Angel,Mallory,3721324327,8004,1/20/2020
1609,Isabella,Mallory,1994681752,8005,1/3/2020
1610,Deborah,Mallory,9669125742,8001,8/4/2020
1611,Daniella,Mallory,1721760387,8002,7/23/2020
1612,Walden,Mallory,8186498056,8003,11/24/2020
1613,Vanessa,Mallory,6791861865,8004,10/24/2020
1614,Pearl,Mallory,5518692562,8005,2/26/2020
1615,Jacob,Mallory,7233893884,8001,4/22/2020
1616,Jeremy,Mallory,8316434716,8002,8/1/2020
1617,Chris,Mallory,6284100967,8003,4/16/2020
1618,James,Mikesell,2398000298,8004,7/26/2020
1619,Mary,Mikesell,7713960769,8005,1/7/2020
1620,James,Mikesell,6866380370,8001,8/16/2020
1621,Mary,Mikesell,7485811408,8002,2/21/2020
1622,Robert,Mikesell,8845919847,8003,3/25/2020
1623,Patricia,Mikesell,4657218252,8004,2/23/2020
1624,John,Mikesell,2791375779,8005,7/17/2020
1625,Jennifer,Mikesell,9919634201,8001,5/1/2020
1626,Michael,Mikesell,9156326027,8002,10/8/2020
1627,Linda,Mikesell,9073091097,8003,8/24/2020
1628,William,Mikesell,8826228893,8004,7/15/2020
1629,Elizabeth,Mikesell,8931159575,8005,5/19/2020
1630,Rami,Mikesell,8631006714,8001,10/25/2020
1631,Oliver,Mikesell,3149735246,8002,8/16/2020
1632,Kiera,Mikesell,4925710889,8003,6/25/2020
1633,Marlon,Mikesell,5633528298,8004,6/18/2020
1634,Eliot,Mikesell,4593320756,8005,4/2/2020
1635,Andrea,Mikesell,6051113025,8001,2/24/2020
1636,Brooks,Mikesell,1595489065,8002,4/11/2020
1637,Federico,Mikesell,4906981522,8003,4/10/2020
1638,Connor,Mikesell,9515002978,8004,7/8/2020
1639,Angel,Mikesell,7442612637,8005,2/17/2020
1640,Isabella,Mikesell,2261783381,8001,1/4/2020
1641,Deborah,Mikesell,5180899215,8002,6/7/2020
1642,Daniella,Mikesell,1562893950,8003,11/16/2020
1643,Walden,Mikesell,5819547066,8004,1/11/2020
1644,Vanessa,Mikesell,1583388775,8005,11/1/2020
1645,Pearl,Mikesell,1558217721,8001,1/19/2020
1646,Jacob,Mikesell,3845616802,8002,9/12/2020
1647,Jeremy,Mikesell,5265479998,8003,8/12/2020
1648,Chris,Mikesell,1976265327,8004,10/6/2020
1649,James,Fortes,3280020589,8005,11/24/2020
1650,Mary,Fortes,4668589062,8001,7/15/2020
1651,James,Fortes,6452066568,8002,8/1/2020
1652,Mary,Fortes,1315420835,8003,8/6/2020
1653,Robert,Fortes,6012164697,8004,9/1/2020
1654,Patricia,Fortes,1464151383,8005,9/19/2020
1655,John,Fortes,6847260437,8001,9/6/2020
1656,Jennifer,Fortes,4140371306,8002,2/16/2020
1657,Michael,Fortes,2234499850,8003,3/16/2020
1658,Linda,Fortes,5931908229,8004,5/10/2020
1659,William,Fortes,3255171817,8005,8/22/2020
1660,Elizabeth,Fortes,6369059765,8001,11/16/2020
1661,Rami,Fortes,2323636192,8002,9/16/2020
1662,Oliver,Fortes,7615899492,8003,7/23/2020
1663,Kiera,Fortes,7114752707,8004,3/20/2020
1664,Marlon,Fortes,6263676625,8005,3/7/2020
1665,Eliot,Fortes,7338924631,8001,9/15/2020
1666,Andrea,Fortes,1872633000,8002,4/9/2020
1667,Brooks,Fortes,3987607141,8003,6/14/2020
1668,Federico,Fortes,2152691437,8004,2/14/2020
1669,Connor,Fortes,8870362593,8005,5/26/2020
1670,Angel,Fortes,6654788968,8001,4/27/2020
1671,Isabella,Fortes,5326150224,8002,7/25/2020
1672,Deborah,Fortes,2928285877,8003,9/27/2020
1673,Daniella,Fortes,4117849262,8004,3/16/2020
1674,Walden,Fortes,9581937676,8005,2/14/2020
1675,Vanessa,Fortes,7498268140,8001,5/23/2020
1676,Pearl,Fortes,3525097184,8002,5/3/2020
1677,Jacob,Fortes,2356166485,8003,3/10/2020
1678,Jeremy,Fortes,4922864789,8004,2/23/2020
1679,Chris,Fortes,9456624309,8005,8/5/2020
1680,James,Hebbar,5655776643,8001,5/27/2020
1681,Mary,Hebbar,3688035783,8002,8/2/2020
1682,James,Hebbar,2635543817,8003,11/26/2020
1683,Mary,Hebbar,7192483245,8004,5/20/2020
1684,Robert,Hebbar,9221711187,8005,11/25/2020
1685,Patricia,Hebbar,6540609490,8001,1/1/2020
1686,John,Hebbar,5201408309,8002,8/20/2020
1687,Jennifer,Hebbar,2260421913,8003,3/4/2020
1688,Michael,Hebbar,5730876661,8004,5/9/2020
1689,Linda,Hebbar,8239328630,8005,11/26/2020
1690,William,Hebbar,7843046547,8001,11/18/2020
1691,Elizabeth,Hebbar,6624747627,8002,3/4/2020
1692,Rami,Hebbar,8446077210,8003,2/1/2020
1693,Oliver,Hebbar,9148545345,8004,10/15/2020
1694,Kiera,Hebbar,4060143230,8005,7/14/2020
1695,Marlon,Hebbar,9439911887,8001,11/11/2020
1696,Eliot,Hebbar,9735938532,8002,1/25/2020
1697,Andrea,Hebbar,2673362582,8003,6/9/2020
1698,Brooks,Hebbar,8709320527,8004,3/17/2020
1699,Federico,Hebbar,6861389031,8005,5/15/2020
1700,Connor,Hebbar,3809214908,8001,3/3/2020
1701,Angel,Hebbar,7396649280,8002,11/1/2020
1702,Isabella,Hebbar,9906826253,8003,11/20/2020
1703,Deborah,Hebbar,3263970406,8004,3/22/2020
1704,Daniella,Hebbar,8248206185,8005,1/7/2020
1705,Walden,Hebbar,3574901555,8001,1/7/2020
1706,Vanessa,Hebbar,6077540901,8002,10/18/2020
1707,Pearl,Hebbar,1230173813,8003,10/26/2020
1708,Jacob,Hebbar,1865798109,8004,7/5/2020
1709,Jeremy,Hebbar,5298173324,8005,11/2/2020
1710,Chris,Hebbar,8460909111,8001,1/12/2020
1711,James,Mendes,3410039815,8002,10/21/2020
1712,Mary,Mendes,8774158829,8003,4/15/2020
1713,James,Mendes,7208352251,8004,1/12/2020
1714,Mary,Mendes,4431502055,8005,9/17/2020
1715,Robert,Mendes,5855892118,8001,9/5/2020
1716,Patricia,Mendes,8670417512,8002,10/3/2020
1717,John,Mendes,3284225916,8003,5/27/2020
1718,Jennifer,Mendes,6753211260,8004,9/24/2020
1719,Michael,Mendes,5031900101,8005,6/13/2020
1720,Linda,Mendes,2936396861,8001,1/26/2020
1721,William,Mendes,4384687080,8002,10/17/2020
1722,Elizabeth,Mendes,2329998108,8003,9/21/2020
1723,Rami,Mendes,2055537636,8004,5/9/2020
1724,Oliver,Mendes,2040778758,8005,7/10/2020
1725,Kiera,Mendes,7520753723,8001,6/27/2020
1726,Marlon,Mendes,3675178308,8002,4/19/2020
1727,Eliot,Mendes,1259460785,8003,10/12/2020
1728,Andrea,Mendes,8341257439,8004,2/25/2020
1729,Brooks,Mendes,9086563173,8005,11/12/2020
1730,Federico,Mendes,6170860333,8001,9/9/2020
1731,Connor,Mendes,9005546535,8002,7/16/2020
1732,Angel,Mendes,4129837773,8003,4/11/2020
1733,Isabella,Mendes,7099438775,8004,6/24/2020
1734,Deborah,Mendes,8583237153,8005,1/6/2020
1735,Daniella,Mendes,7992847943,8001,8/6/2020
1736,Walden,Mendes,5383838510,8002,9/26/2020
1737,Vanessa,Mendes,6358130319,8003,7/3/2020
1738,Pearl,Mendes,4438594000,8004,6/22/2020
1739,Jacob,Mendes,3669640610,8005,9/9/2020
1740,Jeremy,Mendes,2662980126,8001,3/6/2020
1741,Chris,Mendes,4591292489,8002,3/14/2020
1742,James,Zoghbi,7553720496,8003,11/11/2020
1743,Mary,Zoghbi,9296182849,8004,8/27/2020
1744,James,Zoghbi,2860988222,8005,2/23/2020
1745,Mary,Zoghbi,1900008355,8001,5/17/2020
1746,Robert,Zoghbi,7914553095,8002,11/5/2020
1747,Patricia,Zoghbi,2994619883,8003,1/3/2020
1748,John,Zoghbi,8848015573,8004,6/15/2020
1749,Jennifer,Zoghbi,5473628508,8005,1/11/2020
1750,Michael,Zoghbi,5012578156,8001,5/27/2020
1751,Linda,Zoghbi,1520819323,8002,3/24/2020
1752,William,Zoghbi,3455064611,8003,2/4/2020
1753,Elizabeth,Zoghbi,7737825897,8004,6/17/2020
1754,Rami,Zoghbi,8702178315,8005,7/8/2020
1755,Oliver,Zoghbi,7004000852,8001,1/2/2020
1756,Kiera,Zoghbi,3125304428,8002,5/24/2020
1757,Marlon,Zoghbi,5979050605,8003,3/21/2020
1758,Eliot,Zoghbi,7206764664,8004,3/8/2020
1759,Andrea,Zoghbi,9100822570,8005,9/25/2020
1760,Brooks,Zoghbi,6272302867,8001,3/26/2020
1761,Federico,Zoghbi,3872176531,8002,1/3/2020
1762,Connor,Zoghbi,5943234689,8003,9/6/2020
1763,Angel,Zoghbi,6785939888,8004,9/24/2020
1764,Isabella,Zoghbi,6600019840,8005,8/21/2020
1765,Deborah,Zoghbi,2546003268,8001,8/18/2020
1766,Daniella,Zoghbi,2269268258,8002,10/9/2020
1767,Walden,Zoghbi,7493286805,8003,7/7/2020
1768,Vanessa,Zoghbi,7738843195,8004,11/23/2020
1769,Pearl,Zoghbi,5427954872,8005,6/12/2020
1770,Jacob,Zoghbi,6877544160,8001,1/15/2020
1771,Jeremy,Zoghbi,6647954065,8002,10/4/2020
1772,Chris,Zoghbi,4811635953,8003,4/15/2020
1773,James,Powell,6936118431,8004,6/21/2020
1774,Mary,Powell,3280714865,8005,7/21/2020
1775,James,Powell,2840898898,8001,10/21/2020
1776,Mary,Powell,4780896441,8002,6/17/2020
1777,Robert,Powell,7107162213,8003,7/6/2020
1778,Patricia,Powell,2439600819,8004,10/13/2020
1779,John,Powell,6152398202,8005,4/11/2020
1780,Jennifer,Powell,1644812069,8001,3/14/2020
1781,Michael,Powell,5065415571,8002,1/17/2020
1782,Linda,Powell,1380642415,8003,6/9/2020
1783,William,Powell,1168870339,8004,2/12/2020
1784,Elizabeth,Powell,5138584864,8005,2/12/2020
1785,Rami,Powell,9657940684,8001,8/14/2020
1786,Oliver,Powell,5328762334,8002,3/5/2020
1787,Kiera,Powell,7918614667,8003,6/1/2020
1788,Marlon,Powell,1504966740,8004,7/15/2020
1789,Eliot,Powell,2479274468,8005,6/9/2020
1790,Andrea,Powell,7554510851,8001,8/16/2020
1791,Brooks,Powell,6887043738,8002,11/11/2020
1792,Federico,Powell,3275218198,8003,7/14/2020
1793,Connor,Powell,3826387319,8004,11/15/2020
1794,Angel,Powell,2814430755,8005,10/21/2020
1795,Isabella,Powell,5082271783,8001,1/19/2020
1796,Deborah,Powell,7686113189,8002,10/9/2020
1797,Daniella,Powell,6228245068,8003,4/3/2020
1798,Walden,Powell,2838049888,8004,6/23/2020
1799,Vanessa,Powell,5700301171,8005,7/21/2020
1800,Pearl,Powell,2627868758,8001,7/21/2020
1801,Jacob,Powell,5259228144,8002,8/5/2020
1802,Jeremy,Powell,3877093047,8003,7/8/2020
1803,Chris,Powell,3000487419,8004,11/21/2020
1804,James,Rodrigues,9410742645,8005,5/18/2020
1805,Mary,Rodrigues,6983435261,8001,4/17/2020
1806,James,Rodrigues,4775241959,8002,6/27/2020
1807,Mary,Rodrigues,4914413103,8003,4/25/2020
1808,Robert,Rodrigues,7458254905,8004,7/10/2020
1809,Patricia,Rodrigues,6303204990,8005,8/7/2020
1810,John,Rodrigues,5633684428,8001,4/17/2020
1811,Jennifer,Rodrigues,1818458303,8002,1/22/2020
1812,Michael,Rodrigues,2853715514,8003,4/15/2020
1813,Linda,Rodrigues,7210449109,8004,1/2/2020
1814,William,Rodrigues,8964851132,8005,6/9/2020
1815,Elizabeth,Rodrigues,1435911069,8001,9/12/2020
1816,Rami,Rodrigues,2459968802,8002,8/11/2020
1817,Oliver,Rodrigues,1255674040,8003,11/15/2020
1818,Kiera,Rodrigues,7476718445,8004,2/3/2020
1819,Marlon,Rodrigues,4032454798,8005,8/8/2020
1820,Eliot,Rodrigues,7433523366,8001,1/4/2020
1821,Andrea,Rodrigues,9230560153,8002,3/20/2020
1822,Brooks,Rodrigues,4596337917,8003,5/23/2020
1823,Federico,Rodrigues,4000429245,8004,11/26/2020
1824,Connor,Rodrigues,3313981116,8005,7/7/2020
1825,Angel,Rodrigues,9529173708,8001,2/1/2020
1826,Isabella,Rodrigues,5203127118,8002,11/9/2020
1827,Deborah,Rodrigues,6060315932,8003,5/20/2020
1828,Daniella,Rodrigues,4018881033,8004,10/1/2020
1829,Walden,Rodrigues,6849559312,8005,5/12/2020
1830,Vanessa,Rodrigues,1137431610,8001,10/20/2020
1831,Pearl,Rodrigues,8641578651,8002,3/4/2020
1832,Jacob,Rodrigues,9580124238,8003,4/8/2020
1833,Jeremy,Rodrigues,3677598901,8004,9/10/2020
1834,Chris,Rodrigues,8370854528,8005,3/21/2020
1835,James,Cutinho,1824383331,8001,11/19/2020
1836,Mary,Cutinho,8592670489,8002,5/21/2020
1837,James,Cutinho,7150063547,8003,11/27/2020
1838,Mary,Cutinho,4241611147,8004,3/22/2020
1839,Robert,Cutinho,7730001690,8005,9/17/2020
1840,Patricia,Cutinho,8834107757,8001,4/25/2020
1841,John,Cutinho,5186772179,8002,5/7/2020
1842,Jennifer,Cutinho,8365067625,8003,2/16/2020
1843,Michael,Cutinho,4240886938,8004,7/22/2020
1844,Linda,Cutinho,3979452190,8005,5/24/2020
1845,William,Cutinho,9164768109,8001,2/1/2020
1846,Elizabeth,Cutinho,1426659993,8002,3/5/2020
1847,Rami,Cutinho,3909457106,8003,4/19/2020
1848,Oliver,Cutinho,8488367586,8004,6/18/2020
1849,Kiera,Cutinho,3769030216,8005,8/13/2020
1850,Marlon,Cutinho,2723702176,8001,8/19/2020
1851,Eliot,Cutinho,5440180443,8002,7/6/2020
1852,Andrea,Cutinho,8071601157,8003,8/4/2020
1853,Brooks,Cutinho,5569846673,8004,1/2/2020
1854,Federico,Cutinho,3908258508,8005,6/4/2020
1855,Connor,Cutinho,3912370889,8001,5/9/2020
1856,Angel,Cutinho,9255066699,8002,6/10/2020
1857,Isabella,Cutinho,6695355911,8003,10/24/2020
1858,Deborah,Cutinho,5802657258,8004,7/17/2020
1859,Daniella,Cutinho,4708270866,8005,4/4/2020
1860,Walden,Cutinho,3848987671,8001,8/22/2020
1861,Vanessa,Cutinho,2501036472,8002,6/13/2020
1862,Pearl,Cutinho,5378032958,8003,6/9/2020
1863,Jacob,Cutinho,5116001026,8004,1/5/2020
1864,Jeremy,Cutinho,3206114584,8005,2/3/2020
1865,Chris,Cutinho,9066182824,8001,2/11/2020
1866,James,Ferrao,3893339064,8002,6/21/2020
1867,Mary,Ferrao,7730511862,8003,1/20/2020
1868,James,Ferrao,3598932482,8004,1/16/2020
1869,Mary,Ferrao,6575587353,8005,1/5/2020
1870,Robert,Ferrao,3230033321,8001,11/2/2020
1871,Patricia,Ferrao,1157266617,8002,1/18/2020
1872,John,Ferrao,3098928493,8003,6/27/2020
1873,Jennifer,Ferrao,8953190452,8004,4/23/2020
1874,Michael,Ferrao,2673550974,8005,4/18/2020
1875,Linda,Ferrao,3815573896,8001,2/20/2020
1876,William,Ferrao,3508305604,8002,1/26/2020
1877,Elizabeth,Ferrao,6145752064,8003,4/17/2020
1878,Rami,Ferrao,1820874880,8004,1/10/2020
1879,Oliver,Ferrao,8079439728,8005,1/16/2020
1880,Kiera,Ferrao,5211802338,8001,1/22/2020
1881,Marlon,Ferrao,4787423841,8002,9/5/2020
1882,Eliot,Ferrao,2000519045,8003,4/16/2020
1883,Andrea,Ferrao,8902602659,8004,3/2/2020
1884,Brooks,Ferrao,3324394113,8005,4/26/2020
1885,Federico,Ferrao,9238853492,8001,7/3/2020
1886,Connor,Ferrao,5179140201,8002,2/26/2020
1887,Angel,Ferrao,3355814300,8003,7/23/2020
1888,Isabella,Ferrao,6994689153,8004,5/24/2020
1889,Deborah,Ferrao,4780588465,8005,1/27/2020
1890,Daniella,Ferrao,6480725781,8001,7/9/2020
1891,Walden,Ferrao,4776796639,8002,8/3/2020
1892,Vanessa,Ferrao,7730761702,8003,1/26/2020
1893,Pearl,Ferrao,5099325635,8004,11/1/2020
1894,Jacob,Ferrao,3341053513,8005,4/22/2020
1895,Jeremy,Ferrao,2142526466,8001,1/7/2020
1896,Chris,Ferrao,2768581231,8002,5/1/2020
1897,James,Wollinka,4286496299,8003,6/11/2020
1898,Mary,Wollinka,5388840311,8004,10/12/2020
1899,James,Wollinka,9502136203,8005,1/14/2020
1900,Mary,Wollinka,7014378500,8001,1/24/2020
1901,Robert,Wollinka,5242395152,8002,11/12/2020
1902,Patricia,Wollinka,7257291240,8003,5/6/2020
1903,John,Wollinka,8511586639,8004,5/23/2020
1904,Jennifer,Wollinka,2762592472,8005,11/8/2020
1905,Michael,Wollinka,6415257408,8001,6/9/2020
1906,Linda,Wollinka,7070669619,8002,6/3/2020
1907,William,Wollinka,7483089343,8003,1/27/2020
1908,Elizabeth,Wollinka,6683419680,8004,1/15/2020
1909,Rami,Wollinka,8537530279,8005,5/10/2020
1910,Oliver,Wollinka,7472351577,8001,5/13/2020
1911,Kiera,Wollinka,2570651758,8002,3/15/2020
1912,Marlon,Wollinka,2642038839,8003,6/7/2020
1913,Eliot,Wollinka,6216763146,8004,10/8/2020
1914,Andrea,Wollinka,7621839531,8005,4/24/2020
1915,Brooks,Wollinka,1579021966,8001,6/11/2020
1916,Federico,Wollinka,1816773331,8002,11/9/2020
1917,Connor,Wollinka,3143092647,8003,11/5/2020
1918,Angel,Wollinka,1836802890,8004,11/16/2020
1919,Isabella,Wollinka,5454133797,8005,1/24/2020
1920,Deborah,Wollinka,8244630398,8001,9/11/2020
1921,Daniella,Wollinka,9320237178,8002,4/3/2020
1922,Walden,Wollinka,5100066651,8003,6/24/2020
1923,Vanessa,Wollinka,1965213439,8004,10/16/2020
1924,Pearl,Wollinka,9584512501,8005,8/25/2020
1925,Jacob,Wollinka,3162196232,8001,7/9/2020
1926,Jeremy,Wollinka,3568361788,8002,10/19/2020
1927,Chris,Wollinka,8516835165,8003,7/13/2020
1928,James,Ramos,5865749551,8004,9/20/2020
1929,Mary,Ramos,1188449632,8005,6/4/2020
1930,James,Ramos,3572445878,8001,3/24/2020
1931,Mary,Ramos,5219334938,8002,7/4/2020
1932,Robert,Ramos,1440645280,8003,7/10/2020
1933,Patricia,Ramos,5264413620,8004,7/17/2020
1934,John,Ramos,8467415430,8005,6/18/2020
1935,Jennifer,Ramos,3913667033,8001,10/19/2020
1936,Michael,Ramos,9501436640,8002,7/18/2020
1937,Linda,Ramos,1813967709,8003,1/25/2020
1938,William,Ramos,9315749551,8004,3/18/2020
1939,Elizabeth,Ramos,4553766601,8005,8/16/2020
1940,Rami,Ramos,8106144218,8001,3/21/2020
1941,Oliver,Ramos,9177586756,8002,1/8/2020
1942,Kiera,Ramos,7524687808,8003,9/26/2020
1943,Marlon,Ramos,5926215250,8004,9/15/2020
1944,Eliot,Ramos,1930916531,8005,5/24/2020
1945,Andrea,Ramos,2680538441,8001,10/21/2020
1946,Brooks,Ramos,2020656674,8002,9/4/2020
1947,Federico,Ramos,4861130797,8003,4/27/2020
1948,Connor,Ramos,8180359152,8004,1/2/2020
1949,Angel,Ramos,6458719864,8005,3/4/2020
1950,Isabella,Ramos,8336599836,8001,4/15/2020
1951,Deborah,Ramos,4147325564,8002,7/17/2020
1952,Daniella,Ramos,5701053559,8003,7/18/2020
1953,Walden,Ramos,3169757421,8004,9/8/2020
1954,Vanessa,Ramos,8761965526,8005,9/6/2020
1955,Pearl,Ramos,2136010630,8001,8/7/2020
1956,Jacob,Ramos,2201122407,8002,1/1/2020
1957,Jeremy,Ramos,2131979379,8003,3/11/2020
1958,Chris,Ramos,3057904394,8004,7/19/2020
1959,James,Franco,1608951061,8005,11/17/2020
1960,Mary,Franco,1351558506,8001,3/6/2020
1961,James,Franco,1613498801,8002,6/8/2020
1962,Mary,Franco,7089278535,8003,1/5/2020
1963,Robert,Franco,7096459960,8004,8/1/2020
1964,Patricia,Franco,5892325427,8005,4/11/2020
1965,John,Franco,1780698721,8001,7/1/2020
1966,Jennifer,Franco,2683065411,8002,9/27/2020
1967,Michael,Franco,1126505359,8003,3/9/2020
1968,Linda,Franco,8979825056,8004,8/2/2020
1969,William,Franco,1546123791,8005,7/26/2020
1970,Elizabeth,Franco,3479523564,8001,1/13/2020
1971,Rami,Franco,1602010462,8002,5/18/2020
1972,Oliver,Franco,7008567133,8003,2/12/2020
1973,Kiera,Franco,3215385289,8004,8/11/2020
1974,Marlon,Franco,9247311673,8005,8/20/2020
1975,Eliot,Franco,8864421255,8001,1/13/2020
1976,Andrea,Franco,3604311811,8002,9/7/2020
1977,Brooks,Franco,5065876019,8003,4/2/2020
1978,Federico,Franco,6237947502,8004,4/17/2020
1979,Connor,Franco,1442321089,8005,9/11/2020
1980,Angel,Franco,7828720553,8001,8/14/2020
1981,Isabella,Franco,9550831584,8002,9/4/2020
1982,Deborah,Franco,3786224989,8003,5/25/2020
1983,Daniella,Franco,7592314509,8004,1/5/2020
1984,Walden,Franco,4180802734,8005,1/9/2020
1985,Vanessa,Franco,7775069761,8001,8/13/2020
1986,Pearl,Franco,8141537462,8002,5/25/2020
1987,Jacob,Franco,7866415884,8003,8/20/2020
1988,Jeremy,Franco,4640587626,8004,5/16/2020
1989,Chris,Franco,7897823873,8005,3/4/2020
1990,James,Yassine,3180295186,8001,6/17/2020
1991,Mary,Yassine,8632698847,8002,7/21/2020
1992,James,Yassine,6826760296,8003,11/2/2020
1993,Mary,Yassine,2476494181,8004,1/23/2020
1994,Robert,Yassine,9690859114,8005,8/2/2020
1995,Patricia,Yassine,6115205297,8001,9/14/2020
1996,John,Yassine,1783255557,8002,8/15/2020
1997,Jennifer,Yassine,6790592564,8003,8/1/2020
1998,Michael,Yassine,8211500097,8004,6/16/2020
1999,Linda,Yassine,9234150544,8005,9/27/2020
